Workbook

Sheet 5º Ano - CONSOLIDADO
G6: COLEÇÃO PREPARA BRASIL
G9: ANÁLISE DE DESEMPENHO - SIMULADO 4
G12: Unidade de Ensino: 1. EMEB BENTO ELOI GARCIA
A16: 5º ANO - CONSOLIDADO
A18: NÚMERO DE ALUNOS MATRICULADOS: | F18: =C40 -> 169
A19: NÚMERO DE PRESENTES | F19: =D40 -> 163
A20: NÚMERO DE ALUNOS AUSENTES | F20: =E40 -> 6
A21: NÚMERO DE ACD | F21: =F40 -> 8
A23: GUIA DE CORREÇÃO - PRODUÇÃO TEXTUAL
G25: DESEMPENHO POR ITEM
A26: Nº | B26: TURMA | C26: Nº DE ALUNOS MATRICULADOS | D26: Nº DE ALUNOS PRESENTES | E26: Nº DE ALUNOS AUSENTES | F26: Nº DE ACD | G26: LINGUAGENS | AB26: MATEMÁTICA
G27: Questão 01 | H27: Questão 02 | I27: Questão 03 | J27: Questão 04 | K27: Questão 05 | L27: Questão 06 | M27: Questão 07 | N27: Questão 08 | O27: Questão 09 | P27: Questão 10 | Q27: Questão 11 | R27: Questão 12 | S27: Questão 13 | T27: Questão 14 | U27: Questão 15 | V27: Questão 16 | W27: Questão 17 | X27: Questão 18 | Y27: Questão 19 | Z27: Questão 20 | AA27: Questão 21 | AB27: Questão 01 | AC27: Questão 02 | AD27: Questão 03 | AE27: Questão 04 | AF27: Questão 05 | AG27: Questão 06 | AH27: Questão 07 | AI27: Questão 08 | AJ27: Questão 09 | AK27: Questão 10 | AL27: Questão 11 | AM27: Questão 12 | AN27: Questão 13 | AO27: Questão 14 | AP27: Questão 15 | AQ27: Questão 16 | AR27: Questão 17 | AS27: Questão 18 | AT27: Questão 19 | AU27: Questão 20 | AV27: Questão 21 | AW27: Questão 22
G29: C | H29: C | I29: C | J29: B | K29: B | L29: D | M29: B | N29: B | O29: A | P29: B | Q29: C | R29: C | S29: A | T29: B | U29: D | V29: A | W29: A | X29: A | Y29: C | Z29: D | AA29: B | AB29: A | AC29: D | AD29: C | AE29: D | AF29: C | AG29: C | AH29: B | AI29: A | AJ29: D | AK29: A | AL29: C | AM29: B | AN29: D | AO29: B | AP29: C | AQ29: A | AR29: B | AS29: D | AT29: A | AU29: C | AV29: C | AW29: B
A30: 1 | B30: 5º ANO - 501 | C30: {='5º Ano - 501'!$C$18} -> 29 | D30: {='5º Ano - 501'!$C$19} -> 28 | E30: {='5º Ano - 501'!$C$20} -> 1 | F30: {='5º Ano - 501'!$C$21} -> 1 | G30: {='5º Ano - 501'!$D$70:AT$70} -> 9 | H30: 11 | I30: 10 | J30: 3 | K30: 14 | L30: 5 | M30: 4 | N30: 6 | O30: 1 | P30: 13 | Q30: 1 | R30: 2 | S30: 3 | T30: 1 | U30: 13 | V30: 1 | W30: 3 | X30: 1 | Y30: 0 | Z30: 0 | AA30: 15 | AB30: 1 | AC30: 1 | AD30: 24 | AE30: 26 | AF30: 2 | AG30: 2 | AH30: 20 | AI30: 1 | AJ30: 2 | AK30: 2 | AL30: 1 | AM30: 0 | AN30: 2 | AO30: 1 | AP30: 0 | AQ30: 3 | AR30: 1 | AS30: 1 | AT30: 12 | AU30: 4 | AV30: 1 | AW30: 4
A31: 2 | B31: 5º ANO - 502 | C31: {='5º Ano - 502'!$C$18} -> 29 | D31: {='5º Ano - 502'!$C$19} -> 29 | E31: {='5º Ano - 502'!$C$20} -> 0 | F31: {='5º Ano - 502'!$C$21} -> 1 | G31: {='5º Ano - 502'!$D$70:AT$70} -> 4 | H31: 4 | I31: 14 | J31: 8 | K31: 19 | L31: 10 | M31: 2 | N31: 8 | O31: 0 | P31: 15 | Q31: 3 | R31: 0 | S31: 0 | T31: 3 | U31: 0 | V31: 2 | W31: 3 | X31: 1 | Y31: 0 | Z31: 1 | AA31: 21 | AB31: 1 | AC31: 1 | AD31: 27 | AE31: 25 | AF31: 4 | AG31: 6 | AH31: 21 | AI31: 1 | AJ31: 3 | AK31: 7 | AL31: 0 | AM31: 1 | AN31: 1 | AO31: 1 | AP31: 2 | AQ31: 2 | AR31: 3 | AS31: 2 | AT31: 2 | AU31: 3 | AV31: 3 | AW31: 8
A32: 3 | B32: 5º ANO - 503 | C32: {='5º Ano - 503'!$C$18} -> 29 | D32: {='5º Ano - 503'!$C$19} -> 27 | E32: {='5º Ano - 503'!$C$20} -> 2 | F32: {='5º Ano - 503'!$C$21} -> 2 | G32: {='5º Ano - 503'!$D$70:AT$70} -> 2 | H32: 21 | I32: 0 | J32: 2 | K32: 24 | L32: 19 | M32: 1 | N32: 1 | O32: 2 | P32: 22 | Q32: 1 | R32: 22 | S32: 2 | T32: 1 | U32: 19 | V32: 0 | W32: 1 | X32: 5 | Y32: 1 | Z32: 1 | AA32: 21 | AB32: 0 | AC32: 0 | AD32: 25 | AE32: 24 | AF32: 1 | AG32: 1 | AH32: 21 | AI32: 0 | AJ32: 1 | AK32: 1 | AL32: 2 | AM32: 0 | AN32: 1 | AO32: 0 | AP32: 0 | AQ32: 2 | AR32: 2 | AS32: 1 | AT32: 21 | AU32: 3 | AV32: 1 | AW32: 4
A33: 4 | B33: 5º ANO - 504 | C33: {='5º Ano - 504'!$C$18} -> 30 | D33: {='5º Ano - 504'!$C$19} -> 27 | E33: {='5º Ano - 504'!$C$20} -> 3 | F33: {='5º Ano - 504'!$C$21} -> 2 | G33: {='5º Ano - 504'!$D$70:AT$70} -> 4 | H33: 6 | I33: 3 | J33: 5 | K33: 14 | L33: 10 | M33: 3 | N33: 3 | O33: 2 | P33: 7 | Q33: 1 | R33: 5 | S33: 6 | T33: 7 | U33: 9 | V33: 3 | W33: 2 | X33: 2 | Y33: 3 | Z33: 4 | AA33: 9 | AB33: 10 | AC33: 3 | AD33: 15 | AE33: 6 | AF33: 5 | AG33: 11 | AH33: 8 | AI33: 3 | AJ33: 3 | AK33: 7 | AL33: 2 | AM33: 0 | AN33: 4 | AO33: 1 | AP33: 2 | AQ33: 2 | AR33: 2 | AS33: 5 | AT33: 3 | AU33: 8 | AV33: 6 | AW33: 8
A34: 5 | B34: 5º ANO - 505 | C34: {='5º Ano - 505'!$C$18} -> 29 | D34: {='5º Ano - 505'!$C$19} -> 29 | E34: {='5º Ano - 505'!$C$20} -> 0 | F34: {='5º Ano - 505'!$C$21} -> 2 | G34: {='5º Ano - 505'!$D$70:AT$70} -> 4 | H34: 12 | I34: 12 | J34: 7 | K34: 9 | L34: 2 | M34: 9 | N34: 4 | O34: 1 | P34: 10 | Q34: 2 | R34: 20 | S34: 0 | T34: 2 | U34: 8 | V34: 1 | W34: 10 | X34: 2 | Y34: 0 | Z34: 3 | AA34: 22 | AB34: 0 | AC34: 1 | AD34: 25 | AE34: 22 | AF34: 3 | AG34: 4 | AH34: 23 | AI34: 0 | AJ34: 4 | AK34: 7 | AL34: 4 | AM34: 1 | AN34: 0 | AO34: 3 | AP34: 0 | AQ34: 2 | AR34: 7 | AS34: 3 | AT34: 13 | AU34: 7 | AV34: 1 | AW34: 6
A35: 5 | B35: 5º ANO - 506 | C35: {='5º Ano - 506'!$C$18} -> 23 | D35: {='5º Ano - 506'!$C$19} -> 23 | E35: {='5º Ano - 506'!$C$20} -> 0 | F35: {='5º Ano - 506'!$C$21} -> 0 | G35: {='5º Ano - 506'!$D$70:AT$70} -> 1 | H35: 21 | I35: 3 | J35: 1 | K35: 19 | L35: 1 | M35: 0 | N35: 0 | O35: 1 | P35: 20 | Q35: 1 | R35: 19 | S35: 2 | T35: 0 | U35: 2 | V35: 1 | W35: 0 | X35: 3 | Y35: 0 | Z35: 0 | AA35: 19 | AB35: 2 | AC35: 0 | AD35: 21 | AE35: 19 | AF35: 2 | AG35: 0 | AH35: 18 | AI35: 3 | AJ35: 3 | AK35: 2 | AL35: 2 | AM35: 1 | AN35: 2 | AO35: 2 | AP35: 1 | AQ35: 1 | AR35: 3 | AS35: 1 | AT35: 17 | AU35: 2 | AV35: 1 | AW35: 1
A36: 5
A37: 5
A38: 5
A39: 5
C40: =SUM(C30:C39) -> 169 | D40: =SUM(D30:D39) -> 163 | E40: =SUM(E30:E39) -> 6 | F40: =SUM(F30:F39) -> 8 | G40: =SUM(G30:G39) -> 24 | H40: =SUM(H30:H39) -> 75 | I40: =SUM(I30:I39) -> 42 | J40: =SUM(J30:J39) -> 26 | ... AW40: =SUM(AW30:AW39) -> 31
G42: DESEMPENHO POR HABILIDADE
G43: QUESTÃO | I43: Nº. A | J43: % | K43: HABILIDADE
G45: LINGUAGENS | H45: 1 | I45: =G40 -> 24 | J45: =SUM(I45/F$18*100) -> 14.201183 | K45: Eixo do conhecimento: Análise linguística/semiótica. Eixo cognitivo: Reconhecer – Identificar os mecanismos de progressão textual.
H46: 2 | I46: =H40 -> 75 | J46: =SUM(I46/F$18*100) -> 44.378698 | K46: Eixo do conhecimento: Leitura. Eixo cognitivo: Reconhecer – Identificar a ideia central do texto.
H47: 3 | I47: =I40 -> 42 | J47: =SUM(I47/F$18*100) -> 24.852071 | K47: Eixo do conhecimento: Leitura. Eixo cognitivo: Analisar – Analisar elementos constitutivos de gêneros textuais diversos.
H48: 4 | I48: =J40 -> 26 | J48: =SUM(I48/F$18*100) -> 15.384615 | K48: Eixo do conhecimento: Leitura. Eixo cognitivo: Reconhecer – Identificar a ideia central do texto.
H49: 5 | I49: =K40 -> 99 | J49: =SUM(I49/F$18*100) -> 58.579882 | K49: Eixo do conhecimento: Leitura. Eixo cognitivo: Reconhecer – Localizar informação explícita.
H50: 6 | I50: =L40 -> 47 | J50: =SUM(I50/F$18*100) -> 27.810651 | K50: Eixo do conhecimento: Leitura. Eixo cognitivo: Reconhecer – Identificar a ideia central do texto.
H51: 7 | I51: =M40 -> 19 | J51: =SUM(I51/F$18*100) -> 11.242604 | K51: Eixo do conhecimento: Leitura. Eixo cognitivo: Reconhecer – Reconhecer diferentes gêneros textuais.
H52: 8 | I52: =N40 -> 22 | J52: =SUM(I52/F$18*100) -> 13.017751 | K52: Eixo do conhecimento: Leitura. Eixo cognitivo: Analisar – Inferir informações implícitas em textos.
H53: 9 | I53: =O40 -> 7 | J53: =SUM(I53/F$18*100) -> 4.1420118 | K53: Eixo do conhecimento: Leitura. Eixo cognitivo: Reconhecer – Identificar as marcas de organização de textos dramáticos.
H54: 10 | I54: =P40 -> 87 | J54: =SUM(I54/F$18*100) -> 51.47929 | K54: Eixo do conhecimento: Leitura. Eixo cognitivo: Analisar – Analisar elementos constitutivos de gêneros textuais diversos.
H55: 11 | I55: =Q40 -> 9 | J55: =SUM(I55/F$18*100) -> 5.3254438 | K55: Eixo do conhecimento: Leitura. Eixo cognitivo: Reconhecer – Identificar as marcas de organização de um texto dramático.
H56: 12 | I56: =R40 -> 68 | J56: =SUM(I56/F$18*100) -> 40.236686 | K56: Eixo do conhecimento: Arte. Eixo cognitivo: Analisar – Analisar expressões do teatro e da dança na vida cotidiana
H57: 13 | I57: =S40 -> 13 | J57: =SUM(I57/F$18*100) -> 7.6923077 | K57: Eixo do conhecimento: Leitura. Eixo cognitivo: Reconhecer – Identificar as marcas de organização de um texto dramático.
H58: 14 | I58: =T40 -> 14 | J58: =SUM(I58/F$18*100) -> 8.2840237 | K58: Eixo do conhecimento: Leitura. Eixo cognitivo: Reconhecer – Identificar as marcas de organização de um texto dramático
H59: 15 | I59: =U40 -> 51 | J59: =SUM(I59/F$18*100) -> 30.177515 | K59: Eixo do conhecimento: Leitura. Eixo cognitivo: Reconhecer – Identificar elementos constitutivos de textos narrativos.
H60: 16 | I60: =V40 -> 8 | J60: =SUM(I60/F$18*100) -> 4.7337278 | K60: Eixo do conhecimento: Leitura. Eixo cognitivo: Reconhecer – Identificar elementos constitutivos de textos narrativos.
H61: 17 | I61: =W40 -> 19 | J61: =SUM(I61/F$18*100) -> 11.242604 | K61: Eixo do conhecimento: Leitura. Eixo cognitivo: Reconhecer – Identificar elementos constitutivos de textos narrativos
H62: 18 | I62: =X40 -> 14 | J62: =SUM(I62/F$18*100) -> 8.2840237 | K62: Eixo do conhecimento: Leitura. Eixo cognitivo: Reconhecer – Analisar os efeitos de sentido decorrentes do uso dos advérbios.
H63: 19 | I63: =Y40 -> 4 | J63: =SUM(I63/F$18*100) -> 2.3668639 | K63: Eixo do conhecimento: Leitura. Eixo cognitivo: Reconhecer – Identificar elementos constitutivos de textos narrativos
H64: 20 | I64: =Z40 -> 9 | J64: =SUM(I64/F$18*100) -> 5.3254438 | K64: Eixo do conhecimento: Leitura. Eixo cognitivo: Reconhecer – Analisar o uso de recursos de persuasão em textos verbais e/ou multimodais.
H65: 21 | I65: =AA40 -> 107 | J65: =SUM(I65/F$18*100) -> 63.313609 | K65: Eixo do conhecimento: Leitura. Eixo cognitivo: Reconhecer – Analisar o uso de recursos de persuasão em textos verbais e/ou multimodais.
G66: MATEMÁTICA | H66: 1 | I66: =AB40 -> 14 | J66: =SUM(I66/F$18*100) -> 8.2840237 | K66: 5N1.1 – Escrever números racionais (naturais de até 6 ordens, representação fracionária ou decimal finita até a ordem dos milésimos) em sua representação por algarismos ou em língua materna ou Associar o registro numérico ao registro em língua materna.
H67: 2 | I67: =AC40 -> 6 | J67: =SUM(I67/F$18*100) -> 3.5502959 | K67: 5NG1 - Interpretar ou descrever a localização ou movimentação de objetos ou figuras geometricas no plano cartesiano (1º quadrante), indicando mudanças de direção, sentindo ou giros.
H68: 3 | I68: =AD40 -> 137 | J68: =SUM(I68/F$18*100) -> 81.065089 | K68: 5N1.3 – Comparar ou ordenar números racionais (naturais de até 6 ordens, representação fracionária ou decimal finita até a ordem dos milésimos), com ou sem suporte da reta numérica.
H69: 4 | I69: =AE40 -> 122 | J69: =SUM(I69/F$18*100) -> 72.189349 | K69: 5G1.8 – Reconhecer figuras geométricas planas congruentes ou simetria de reflexão em figuras ou em pares de figuras geométricas planas
H70: 5 | I70: =AF40 -> 17 | J70: =SUM(I70/F$18*100) -> 10.059172 | K70: 5N1.1 – Escrever números racionais (naturais de até 6 ordens, representação fracionária ou decimal finita até a ordem dos milésimos) em sua representação por algarismos ou em língua materna ou Associar o registro numérico ao registro em língua materna.
H71: 6 | I71: =AG40 -> 24 | J71: =SUM(I71/F$18*100) -> 14.201183 | K71: 5N2.3 – Resolver problemas de adição ou de subtração, envolvendo números racionais apenas na sua representação decimal finita até a ordem dos milésimos, com os significados de juntar, acrescentar, separar, retirar, comparar ou completar.
H72: 7 | I72: =AH40 -> 111 | J72: =SUM(I72/F$18*100) -> 65.680473 | K72: 5G1.8 – Reconhecer figuras geométricas planas congruentes ou simetria de reflexão em figuras ou em pares de figuras geométricas planas.
H73: 8 | I73: =AI40 -> 8 | J73: =SUM(I73/F$18*100) -> 4.7337278 | K73: 5G1.9 – Reconhecer a congruência dos ângulos e a proporcionalidade entre os lados correspondentes de figuras poligonais em situações de ampliação ou de redução em malhas quadriculadas
H74: 9 | I74: =AJ40 -> 16 | J74: =SUM(I74/F$18*100) -> 9.4674556 | K74: 5M2.6 – Resolver problemas que envolvam moedas e/ou cédulas do sistema monetário brasileiro.
H75: 10 | I75: =AK40 -> 26 | J75: =SUM(I75/F$18*100) -> 15.384615 | K75: 5N2.3 – Resolver problemas de adição ou de subtração, envolvendo números racionais apenas na sua representação decimal finita até a ordem dos milésimos, com os significados de juntar, acrescentar, separar, retirar, comparar ou completar.
H76: 11 | I76: =AL40 -> 11 | J76: =SUM(I76/F$18*100) -> 6.5088757 | K76: 5A1.5 – Determinar o número desconhecido que torna verdadeira uma igualdade que envolve as operações fundamentais com números naturais de até 6 ordens.
H77: 12 | I77: =AM40 -> 3 | J77: =SUM(I77/F$18*100) -> 1.7751479 | K77: 5G2.1 – Descrever ou esboçar o deslocamento de pessoas e/ou de objetos em representações bidimensionais (mapas, croquis etc.) ou plantas de ambientes, de acordo com condições dadas.
H78: 13 | I78: =AN40 -> 10 | J78: =SUM(I78/F$18*100) -> 5.9171598 | K78: 5E1.5 – Representar ou associar os dados de uma pesquisa estatística ou de um levantamento em listas, tabelas (simples ou de dupla entrada) ou gráficos (barras simples ou agrupadas, colunas simples ou agrupadas, pictóricos ou de linhas).
H79: 14 | I79: =AO40 -> 8 | J79: =SUM(I79/F$18*100) -> 4.7337278 | K79: 5A1.5 – Determinar o número desconhecido que torna verdadeira uma igualdade que envolve as operações fundamentais com números naturais de até 6 ordens.
H80: 15 | I80: =AP40 -> 5 | J80: =SUM(I80/F$18*100) -> 2.9585799 | K80: 5N2.4 – Resolver problemas de multiplicação ou de divisão, envolvendo números racionais apenas na sua representação decimal finita até a ordem dos milésimos, com os significados de formação de grupos iguais (incluindo repartição equitativa de medida),proporcionalidade ou disposição retangular.
H81: 16 | I81: =AQ40 -> 12 | J81: =SUM(I81/F$18*100) -> 7.1005917 | K81: 5M2.2 – Resolver problemas que envolvam medidas de grandezas (comprimento, massa, tempo e capacidade) em que haja conversões entre as unidades mais usuais.
H82: 17 | I82: =AR40 -> 18 | J82: =SUM(I82/F$18*100) -> 10.650888 | K82: 5G2.2 – Construir/Desenhar figuras geométricas planas ou espaciais que satisfaçam condições dadas.
H83: 18 | I83: =AS40 -> 13 | J83: =SUM(I83/F$18*100) -> 7.6923077 | K83: 5M2.2 – Resolver problemas que envolvam medidas de grandezas (comprimento, massa, tempo e capacidade) em que haja conversões entre as unidades mais usuais.
H84: 19 | I84: =AT40 -> 68 | J84: =SUM(I84/F$18*100) -> 40.236686 | K84: 5N2.4 – Resolver problemas de multiplicação ou de divisão, envolvendo números racionais apenas na sua representação decimal finita até a ordem dos milésimos, com os significados de formação de grupos iguais (incluindo repartição equitativa de medida), proporcionalidade ou disposição retangular.
H85: 20 | I85: =AU40 -> 27 | J85: =SUM(I85/F$18*100) -> 15.976331 | K85: 5M2.2 – Resolver problemas que envolvam medidas de grandezas (comprimento, massa, tempo e capacidade) em que haja conversões entre as unidades mais usuais.
H86: 21 | I86: =AV40 -> 13 | J86: =SUM(I86/F$18*100) -> 7.6923077 | K86: 5M2.6 – Resolver problemas que envolvam moedas e/ou cédulas do sistema monetário brasileiro.
H87: 22 | I87: =AW40 -> 31 | J87: =SUM(I87/F$18*100) -> 18.343195 | K87: 5N2.3 – Resolver problemas de adição ou de subtração, envolvendo números racionais apenas na sua representação decimal finita até a ordem dos milésimos, com os significados de juntar, acrescentar, separar, retirar, comparar ou completar
G89: ANÁLISE DE DISTRATORES
I90: 501 | J90: 502 | K90: 503 | L90: 504 | M90: 505 | N90: 506 | O90: 507 | P90: 508 | Q90: 509 | R90: 510 | S90: N | T90: A | U90: 501 | V90: 502 | W90: 503 | X90: 504 | Y90: 505 | Z90: 506 | AA90: 507 | AB90: 508 | AC90: 509 | AD90: 510 | AE90: N | AF90: B | AG90: 501 | AH90: 502 | AI90: 503 | AJ90: 504 | AK90: 505 | AL90: 506 | AM90: 507 | AN90: 508 | AO90: 509 | AP90: 510 | AQ90: N | AR90: C | AS90: 501 | AT90: 502 | AU90: 503 | AV90: 504 | AW90: 505 | AX90: 506 | AY90: 507 | AZ90: 508 | BA90: 509 | BB90: 510 | BC90: N | BD90: D
G91: LINGUAGENS | H91: 1 | I91: {='5º Ano - 501'!$AM$75:$AM$117} -> 3 | J91: {='5º Ano - 502'!$AM$75:$AM$117} -> 15 | K91: {='5º Ano - 503'!$AM$75:$AM$117} -> 3 | L91: {='5º Ano - 504'!$AM$75:$AM$117} -> 5 | M91: {='5º Ano - 505'!$AM$75:$AM$117} -> 5 | N91: {='5º Ano - 506'!$AM$75:$AM$117} -> 2 | S91: =SUM(I91:R91) -> 33 | T91: =SUM(S91/F$18*100) -> 19.526627 | U91: {='5º Ano - 501'!$AO$75:$AO$117} -> 10 | V91: {='5º Ano - 502'!$AO$75:$AO$117} -> 8 | W91: {='5º Ano - 503'!$AO$75:$AO$117} -> 2 | X91: {='5º Ano - 504'!$AO$75:$AO$117} -> 9 | Y91: {='5º Ano - 505'!$AO$75:$AO$117} -> 15 | Z91: {='5º Ano - 506'!$AO$75:$AO$117} -> 1 | AE91: =SUM(U91:AD91) -> 45 | AF91: =SUM(AE91/F$18*100) -> 26.627219 | AG91: {='5º Ano - 501'!$AQ$75:$AQ$117} -> 6 | AH91: {='5º Ano - 502'!$AQ$75:$AQ$117} -> 2 | AI91: {='5º Ano - 503'!$AQ$75:$AQ$117} -> 20 | AJ91: {='5º Ano - 504'!$AQ$75:$AQ$117} -> 9 | AK91: {='5º Ano - 505'!$AQ$75:$AQ$117} -> 5 | AL91: {='5º Ano - 506'!$AQ$75:$AQ$117} -> 18 | AQ91: =SUM(AG91:AP91) -> 60 | AR91: =SUM(AQ91/F$18*100) -> 35.502959 | AS91: {='5º Ano - 501'!$AS$75:$AS$117} -> 9 | AT91: {='5º Ano - 502'!$AS$75:$AS$117} -> 4 | AU91: {='5º Ano - 503'!$AS$75:$AS$117} -> 2 | AV91: {='5º Ano - 504'!$AS$75:$AS$117} -> 4 | AW91: {='5º Ano - 505'!$AS$75:$AS$117} -> 4 | AX91: {='5º Ano - 506'!$AS$75:$AS$117} -> 1 | BC91: =SUM(AS91:BB91) -> 24 | BD91: =SUM(BC91/F$18*100) -> 14.201183
H92: 2 | I92: 3 | J92: 2 | K92: 0 | L92: 6 | M92: 4 | N92: 0 | S92: =SUM(I92:R92) -> 15 | T92: =SUM(S92/F$18*100) -> 8.8757396 | U92: 13 | V92: 23 | W92: 3 | X92: 10 | Y92: 10 | Z92: 0 | AE92: =SUM(U92:AD92) -> 59 | AF92: =SUM(AE92/F$18*100) -> 34.911243 | AG92: 11 | AH92: 4 | AI92: 21 | AJ92: 6 | AK92: 12 | AL92: 21 | AQ92: =SUM(AG92:AP92) -> 75 | AR92: =SUM(AQ92/F$18*100) -> 44.378698 | AS92: 1 | AT92: 0 | AU92: 3 | AV92: 5 | AW92: 3 | AX92: 1 | BC92: =SUM(AS92:BB92) -> 13 | BD92: =SUM(BC92/F$18*100) -> 7.6923077
H93: 3 | I93: 2 | J93: 1 | K93: 1 | L93: 7 | M93: 1 | N93: 0 | S93: =SUM(I93:R93) -> 12 | T93: =SUM(S93/F$18*100) -> 7.1005917 | U93: 1 | V93: 2 | W93: 2 | X93: 5 | Y93: 6 | Z93: 2 | AE93: =SUM(U93:AD93) -> 18 | AF93: =SUM(AE93/F$18*100) -> 10.650888 | AG93: 15 | AH93: 12 | AI93: 24 | AJ93: 12 | AK93: 10 | AL93: 17 | AQ93: =SUM(AG93:AP93) -> 90 | AR93: =SUM(AQ93/F$18*100) -> 53.254438 | AS93: 10 | AT93: 14 | AU93: 0 | AV93: 3 | AW93: 12 | AX93: 3 | BC93: =SUM(AS93:BB93) -> 42 | BD93: =SUM(BC93/F$18*100) -> 24.852071
H94: 4 | I94: 3 | J94: 8 | K94: 2 | L94: 5 | M94: 7 | N94: 1 | S94: =SUM(I94:R94) -> 26 | T94: =SUM(S94/F$18*100) -> 15.384615 | U94: 22 | V94: 16 | W94: 23 | X94: 13 | Y94: 17 | Z94: 20 | AE94: =SUM(U94:AD94) -> 111 | AF94: =SUM(AE94/F$18*100) -> 65.680473 | AG94: 1 | AH94: 3 | AI94: 1 | AJ94: 4 | AK94: 3 | AL94: 0 | AQ94: =SUM(AG94:AP94) -> 12 | AR94: =SUM(AQ94/F$18*100) -> 7.1005917 | AS94: 2 | AT94: 2 | AU94: 1 | AV94: 5 | AW94: 2 | AX94: 2 | BC94: =SUM(AS94:BB94) -> 14 | BD94: =SUM(BC94/F$18*100) -> 8.2840237
H95: 5 | I95: 9 | J95: 3 | K95: 0 | L95: 8 | M95: 8 | N95: 0 | S95: =SUM(I95:R95) -> 28 | T95: =SUM(S95/F$18*100) -> 16.568047 | U95: 14 | V95: 19 | W95: 24 | X95: 14 | Y95: 9 | Z95: 19 | AE95: =SUM(U95:AD95) -> 99 | AF95: =SUM(AE95/F$18*100) -> 58.579882 | AG95: 0 | AH95: 0 | AI95: 2 | AJ95: 3 | AK95: 4 | AL95: 2 | AQ95: =SUM(AG95:AP95) -> 11 | AR95: =SUM(AQ95/F$18*100) -> 6.5088757 | AS95: 5 | AT95: 7 | AU95: 1 | AV95: 2 | AW95: 8 | AX95: 2 | BC95: =SUM(AS95:BB95) -> 25 | BD95: =SUM(BC95/F$18*100) -> 14.792899
H96: 6 | I96: 5 | J96: 10 | K96: 19 | L96: 10 | M96: 2 | N96: 1 | S96: =SUM(I96:R96) -> 47 | T96: =SUM(S96/F$18*100) -> 27.810651 | U96: 4 | V96: 0 | W96: 4 | X96: 5 | Y96: 1 | Z96: 0 | AE96: =SUM(U96:AD96) -> 14 | AF96: =SUM(AE96/F$18*100) -> 8.2840237 | AG96: 2 | AH96: 3 | AI96: 1 | AJ96: 6 | AK96: 9 | AL96: 1 | AQ96: =SUM(AG96:AP96) -> 22 | AR96: =SUM(AQ96/F$18*100) -> 13.017751 | AS96: 17 | AT96: 16 | AU96: 3 | AV96: 6 | AW96: 17 | AX96: 20 | BC96: =SUM(AS96:BB96) -> 79 | BD96: =SUM(BC96/F$18*100) -> 46.745562
H97: 7 | I97: 5 | J97: 12 | K97: 3 | L97: 11 | M97: 3 | N97: 1 | S97: =SUM(I97:R97) -> 35 | T97: =SUM(S97/F$18*100) -> 20.710059 | U97: 15 | V97: 14 | W97: 22 | X97: 9 | Y97: 16 | Z97: 18 | AE97: =SUM(U97:AD97) -> 94 | AF97: =SUM(AE97/F$18*100) -> 55.621302 | AG97: 4 | AH97: 2 | AI97: 1 | AJ97: 3 | AK97: 9 | AL97: 0 | AQ97: =SUM(AG97:AP97) -> 19 | AR97: =SUM(AQ97/F$18*100) -> 11.242604 | AS97: 4 | AT97: 1 | AU97: 1 | AV97: 4 | AW97: 1 | AX97: 3 | BC97: =SUM(AS97:BB97) -> 14 | BD97: =SUM(BC97/F$18*100) -> 8.2840237
H98: 8 | I98: 0 | J98: 1 | K98: 3 | L98: 2 | M98: 1 | N98: 2 | S98: =SUM(I98:R98) -> 9 | T98: =SUM(S98/F$18*100) -> 5.3254438 | U98: 16 | V98: 17 | W98: 22 | X98: 16 | Y98: 15 | Z98: 19 | AE98: =SUM(U98:AD98) -> 105 | AF98: =SUM(AE98/F$18*100) -> 62.130178 | AG98: 6 | AH98: 2 | AI98: 1 | AJ98: 6 | AK98: 9 | AL98: 2 | AQ98: =SUM(AG98:AP98) -> 26 | AR98: =SUM(AQ98/F$18*100) -> 15.384615 | AS98: 6 | AT98: 8 | AU98: 1 | AV98: 3 | AW98: 4 | AX98: 0 | BC98: =SUM(AS98:BB98) -> 22 | BD98: =SUM(BC98/F$18*100) -> 13.017751
H99: 9 | I99: 17 | J99: 19 | K99: 22 | L99: 17 | M99: 14 | N99: 19 | S99: =SUM(I99:R99) -> 108 | T99: =SUM(S99/F$18*100) -> 63.905325 | U99: 8 | V99: 8 | W99: 2 | X99: 4 | Y99: 14 | Z99: 2 | AE99: =SUM(U99:AD99) -> 38 | AF99: =SUM(AE99/F$18*100) -> 22.485207 | AG99: 2 | AH99: 2 | AI99: 1 | AJ99: 3 | AK99: 0 | AL99: 1 | AQ99: =SUM(AG99:AP99) -> 9 | AR99: =SUM(AQ99/F$18*100) -> 5.3254438 | AS99: 1 | AT99: 0 | AU99: 2 | AV99: 2 | AW99: 1 | AX99: 1 | BC99: =SUM(AS99:BB99) -> 7 | BD99: =SUM(BC99/F$18*100) -> 4.1420118
H100: 10 | I100: 7 | J100: 5 | K100: 3 | L100: 10 | M100: 8 | N100: 1 | S100: =SUM(I100:R100) -> 34 | T100: =SUM(S100/F$18*100) -> 20.118343 | U100: 3 | V100: 4 | W100: 1 | X100: 5 | Y100: 5 | Z100: 1 | AE100: =SUM(U100:AD100) -> 19 | AF100: =SUM(AE100/F$18*100) -> 11.242604 | AG100: 13 | AH100: 15 | AI100: 22 | AJ100: 7 | AK100: 10 | AL100: 20 | AQ100: =SUM(AG100:AP100) -> 87 | AR100: =SUM(AQ100/F$18*100) -> 51.47929 | AS100: 5 | AT100: 5 | AU100: 1 | AV100: 5 | AW100: 6 | AX100: 1 | BC100: =SUM(AS100:BB100) -> 23 | BD100: =SUM(BC100/F$18*100) -> 13.609467
H101: 11 | I101: 1 | J101: 6 | K101: 2 | L101: 7 | M101: 3 | N101: 0 | S101: =SUM(I101:R101) -> 19 | T101: =SUM(S101/F$18*100) -> 11.242604 | U101: 1 | V101: 3 | W101: 1 | X101: 1 | Y101: 2 | Z101: 1 | AE101: =SUM(U101:AD101) -> 9 | AF101: =SUM(AE101/F$18*100) -> 5.3254438 | AG101: 26 | AH101: 17 | AI101: 23 | AJ101: 15 | AK101: 21 | AL101: 22 | AQ101: =SUM(AG101:AP101) -> 124 | AR101: =SUM(AQ101/F$18*100) -> 73.372781 | AS101: 0 | AT101: 3 | AU101: 1 | AV101: 4 | AW101: 3 | AX101: 0 | BC101: =SUM(AS101:BB101) -> 11 | BD101: =SUM(BC101/F$18*100) -> 6.5088757
H102: 12 | I102: 7 | J102: 12 | K102: 3 | L102: 6 | M102: 3 | N102: 1 | S102: =SUM(I102:R102) -> 32 | T102: =SUM(S102/F$18*100) -> 18.934911 | U102: 1 | V102: 14 | W102: 1 | X102: 4 | Y102: 2 | Z102: 2 | AE102: =SUM(U102:AD102) -> 24 | AF102: =SUM(AE102/F$18*100) -> 14.201183 | AG102: 2 | AH102: 0 | AI102: 22 | AJ102: 5 | AK102: 20 | AL102: 19 | AQ102: =SUM(AG102:AP102) -> 68 | AR102: =SUM(AQ102/F$18*100) -> 40.236686 | AS102: 18 | AT102: 2 | AU102: 1 | AV102: 12 | AW102: 4 | AX102: 1 | BC102: =SUM(AS102:BB102) -> 38 | BD102: =SUM(BC102/F$18*100) -> 22.485207
H103: 13 | I103: 17 | J103: 25 | K103: 21 | L103: 13 | M103: 22 | N103: 20 | S103: =SUM(I103:R103) -> 118 | T103: =SUM(S103/F$18*100) -> 69.822485 | U103: 3 | V103: 0 | W103: 2 | X103: 6 | Y103: 0 | Z103: 2 | AE103: =SUM(U103:AD103) -> 13 | AF103: =SUM(AE103/F$18*100) -> 7.6923077 | AG103: 5 | AH103: 3 | AI103: 3 | AJ103: 8 | AK103: 4 | AL103: 0 | AQ103: =SUM(AG103:AP103) -> 23 | AR103: =SUM(AQ103/F$18*100) -> 13.609467 | AS103: 3 | AT103: 0 | AU103: 1 | AV103: 0 | AW103: 3 | AX103: 1 | BC103: =SUM(AS103:BB103) -> 8 | BD103: =SUM(BC103/F$18*100) -> 4.7337278
... H111: 21 | I111: 2 | J111: 0 | K111: 1 | L111: 6 | M111: 1 | N111: 1 | S111: =SUM(I111:R111) -> 11 | T111: =SUM(S111/F$18*100) -> 6.5088757 | U111: 15 | V111: 21 | W111: 21 | X111: 9 | Y111: 22 | Z111: 19 | AE111: =SUM(U111:AD111) -> 107 | AF111: =SUM(AE111/F$18*100) -> 63.313609 | AG111: 5 | AH111: 6 | AI111: 1 | AJ111: 4 | AK111: 5 | AL111: 1 | AQ111: =SUM(AG111:AP111) -> 22 | AR111: =SUM(AQ111/F$18*100) -> 13.017751 | AS111: 6 | AT111: 0 | AU111: 3 | AV111: 8 | AW111: 1 | AX111: 2 | BC111: =SUM(AS111:BB111) -> 20 | BD111: =SUM(BC111/F$18*100) -> 11.83432
G112: MATEMÁTICA | H112: 1 | I112: 26 | J112: 28 | K112: 25 | L112: 13 | M112: 26 | N112: 19 | S112: =SUM(I112:R112) -> 137 | T112: =SUM(S112/F$18*100) -> 81.065089 | U112: 0 | V112: 0 | W112: 1 | X112: 3 | Y112: 2 | Z112: 1 | AE112: =SUM(U112:AD112) -> 7 | AF112: =SUM(AE112/F$18*100) -> 4.1420118 | AG112: 1 | AH112: 1 | AI112: 0 | AJ112: 10 | AK112: 0 | AL112: 2 | AQ112: =SUM(AG112:AP112) -> 14 | AR112: =SUM(AQ112/F$18*100) -> 8.2840237 | AS112: 1 | AT112: 0 | AU112: 0 | AV112: 1 | AW112: 1 | AX112: 0 | BC112: =SUM(AS112:BB112) -> 3 | BD112: =SUM(BC112/F$18*100) -> 1.7751479
H113: 2 | I113: 1 | J113: 1 | K113: 0 | L113: 3 | M113: 1 | N113: 0 | S113: =SUM(I113:R113) -> 6 | T113: =SUM(S113/F$18*100) -> 3.5502959 | U113: 0 | V113: 1 | W113: 2 | X113: 6 | Y113: 2 | Z113: 0 | AE113: =SUM(U113:AD113) -> 11 | AF113: =SUM(AE113/F$18*100) -> 6.5088757 | AG113: 2 | AH113: 2 | AI113: 0 | AJ113: 3 | AK113: 3 | AL113: 4 | AQ113: =SUM(AG113:AP113) -> 14 | AR113: =SUM(AQ113/F$18*100) -> 8.2840237 | AS113: 24 | AT113: 24 | AU113: 24 | AV113: 15 | AW113: 23 | AX113: 19 | BC113: =SUM(AS113:BB113) -> 129 | BD113: =SUM(BC113/F$18*100) -> 76.331361
H114: 3 | I114: 0 | J114: 0 | K114: 0 | L114: 6 | M114: 2 | N114: 0 | S114: =SUM(I114:R114) -> 8 | T114: =SUM(S114/F$18*100) -> 4.7337278 | U114: 24 | V114: 27 | W114: 25 | X114: 15 | Y114: 25 | Z114: 21 | AE114: =SUM(U114:AD114) -> 137 | AF114: =SUM(AE114/F$18*100) -> 81.065089 | AG114: 3 | AH114: 1 | AI114: 0 | AJ114: 2 | AK114: 2 | AL114: 2 | AQ114: =SUM(AG114:AP114) -> 10 | AR114: =SUM(AQ114/F$18*100) -> 5.9171598 | AS114: 1 | AT114: 1 | AU114: 1 | AV114: 4 | AW114: 0 | AX114: 0 | BC114: =SUM(AS114:BB114) -> 7 | BD114: =SUM(BC114/F$18*100) -> 4.1420118
H115: 4 | I115: 0 | J115: 1 | K115: 0 | L115: 2 | M115: 0 | N115: 0 | S115: =SUM(I115:R115) -> 3 | T115: =SUM(S115/F$18*100) -> 1.7751479 | U115: 2 | V115: 3 | W115: 2 | X115: 18 | Y115: 4 | Z115: 4 | AE115: =SUM(U115:AD115) -> 33 | AF115: =SUM(AE115/F$18*100) -> 19.526627 | AG115: 0 | AH115: 0 | AI115: 0 | AJ115: 1 | AK115: 3 | AL115: 0 | AQ115: =SUM(AG115:AP115) -> 4 | AR115: =SUM(AQ115/F$18*100) -> 2.3668639 | AS115: 26 | AT115: 25 | AU115: 24 | AV115: 6 | AW115: 22 | AX115: 19 | BC115: =SUM(AS115:BB115) -> 122 | BD115: =SUM(BC115/F$18*100) -> 72.189349
H116: 5 | I116: 2 | J116: 4 | K116: 1 | L116: 5 | M116: 3 | N116: 2 | S116: =SUM(I116:R116) -> 17 | T116: =SUM(S116/F$18*100) -> 10.059172 | U116: 3 | V116: 2 | W116: 1 | X116: 5 | Y116: 1 | Z116: 2 | AE116: =SUM(U116:AD116) -> 14 | AF116: =SUM(AE116/F$18*100) -> 8.2840237 | AG116: 20 | AH116: 22 | AI116: 24 | AJ116: 11 | AK116: 23 | AL116: 18 | AQ116: =SUM(AG116:AP116) -> 118 | AR116: =SUM(AQ116/F$18*100) -> 69.822485 | AS116: 3 | AT116: 1 | AU116: 0 | AV116: 5 | AW116: 2 | AX116: 1 | BC116: =SUM(AS116:BB116) -> 12 | BD116: =SUM(BC116/F$18*100) -> 7.1005917
H117: 6 | I117: 4 | J117: 4 | K117: 2 | L117: 2 | M117: 3 | N117: 0 | S117: =SUM(I117:R117) -> 15 | T117: =SUM(S117/F$18*100) -> 8.8757396 | U117: 3 | V117: 6 | W117: 1 | X117: 7 | Y117: 8 | Z117: 0 | AE117: =SUM(U117:AD117) -> 25 | AF117: =SUM(AE117/F$18*100) -> 14.792899 | AG117: 19 | AH117: 13 | AI117: 22 | AJ117: 6 | AK117: 14 | AL117: 22 | AQ117: =SUM(AG117:AP117) -> 96 | AR117: =SUM(AQ117/F$18*100) -> 56.804734 | AS117: 2 | AT117: 6 | AU117: 1 | AV117: 11 | AW117: 4 | AX117: 0 | BC117: =SUM(AS117:BB117) -> 24 | BD117: =SUM(BC117/F$18*100) -> 14.201183
H118: 7 | I118: 4 | J118: 1 | K118: 1 | L118: 6 | M118: 1 | N118: 1 | S118: =SUM(I118:R118) -> 14 | T118: =SUM(S118/F$18*100) -> 8.2840237 | U118: 20 | V118: 21 | W118: 21 | X118: 8 | Y118: 23 | Z118: 18 | AE118: =SUM(U118:AD118) -> 111 | AF118: =SUM(AE118/F$18*100) -> 65.680473 | AG118: 0 | AH118: 6 | AI118: 4 | AJ118: 12 | AK118: 2 | AL118: 3 | AQ118: =SUM(AG118:AP118) -> 27 | AR118: =SUM(AQ118/F$18*100) -> 15.976331 | AS118: 4 | AT118: 0 | AU118: 0 | AV118: 1 | AW118: 2 | AX118: 0 | BC118: =SUM(AS118:BB118) -> 7 | BD118: =SUM(BC118/F$18*100) -> 4.1420118
H119: 8 | I119: 21 | J119: 25 | K119: 22 | L119: 16 | M119: 16 | N119: 20 | S119: =SUM(I119:R119) -> 120 | T119: =SUM(S119/F$18*100) -> 71.005917 | U119: 3 | V119: 2 | W119: 0 | X119: 4 | Y119: 6 | Z119: 0 | AE119: =SUM(U119:AD119) -> 15 | AF119: =SUM(AE119/F$18*100) -> 8.8757396 | AG119: 1 | AH119: 1 | AI119: 0 | AJ119: 3 | AK119: 0 | AL119: 3 | AQ119: =SUM(AG119:AP119) -> 8 | AR119: =SUM(AQ119/F$18*100) -> 4.7337278 | AS119: 3 | AT119: 1 | AU119: 4 | AV119: 4 | AW119: 6 | AX119: 0 | BC119: =SUM(AS119:BB119) -> 18 | BD119: =SUM(BC119/F$18*100) -> 10.650888
H120: 9 | I120: 2 | J120: 3 | K120: 1 | L120: 3 | M120: 4 | N120: 3 | S120: =SUM(I120:R120) -> 16 | T120: =SUM(S120/F$18*100) -> 9.4674556 | U120: 5 | V120: 1 | W120: 0 | X120: 6 | Y120: 3 | Z120: 0 | AE120: =SUM(U120:AD120) -> 15 | AF120: =SUM(AE120/F$18*100) -> 8.8757396 | AG120: 5 | AH120: 1 | AI120: 2 | AJ120: 10 | AK120: 7 | AL120: 1 | AQ120: =SUM(AG120:AP120) -> 26 | AR120: =SUM(AQ120/F$18*100) -> 15.384615 | AS120: 16 | AT120: 24 | AU120: 23 | AV120: 8 | AW120: 15 | AX120: 18 | BC120: =SUM(AS120:BB120) -> 104 | BD120: =SUM(BC120/F$18*100) -> 61.538462
H121: 10 | I121: 22 | J121: 14 | K121: 21 | L121: 12 | M121: 13 | N121: 17 | S121: =SUM(I121:R121) -> 99 | T121: =SUM(S121/F$18*100) -> 58.579882 | U121: 1 | V121: 4 | W121: 2 | X121: 5 | Y121: 4 | Z121: 1 | AE121: =SUM(U121:AD121) -> 17 | AF121: =SUM(AE121/F$18*100) -> 10.059172 | AG121: 2 | AH121: 7 | AI121: 1 | AJ121: 7 | AK121: 7 | AL121: 2 | AQ121: =SUM(AG121:AP121) -> 26 | AR121: =SUM(AQ121/F$18*100) -> 15.384615 | AS121: 3 | AT121: 4 | AU121: 2 | AV121: 3 | AW121: 5 | AX121: 2 | BC121: =SUM(AS121:BB121) -> 19 | BD121: =SUM(BC121/F$18*100) -> 11.242604
H122: 11 | I122: 0 | J122: 3 | K122: 2 | L122: 7 | M122: 3 | N122: 2 | S122: =SUM(I122:R122) -> 17 | T122: =SUM(S122/F$18*100) -> 10.059172 | U122: 1 | V122: 0 | W122: 2 | X122: 2 | Y122: 4 | Z122: 2 | AE122: =SUM(U122:AD122) -> 11 | AF122: =SUM(AE122/F$18*100) -> 6.5088757 | AG122: 25 | AH122: 26 | AI122: 22 | AJ122: 15 | AK122: 16 | AL122: 17 | AQ122: =SUM(AG122:AP122) -> 121 | AR122: =SUM(AQ122/F$18*100) -> 71.597633 | AS122: 2 | AT122: 0 | AU122: 0 | AV122: 3 | AW122: 6 | AX122: 2 | BC122: =SUM(AS122:BB122) -> 13 | BD122: =SUM(BC122/F$18*100) -> 7.6923077
H123: 12 | I123: 0 | J123: 2 | K123: 0 | L123: 2 | M123: 1 | N123: 1 | S123: =SUM(I123:R123) -> 6 | T123: =SUM(S123/F$18*100) -> 3.5502959 | U123: 26 | V123: 22 | W123: 24 | X123: 20 | Y123: 26 | Z123: 20 | AE123: =SUM(U123:AD123) -> 138 | AF123: =SUM(AE123/F$18*100) -> 81.656805 | AG123: 0 | AH123: 1 | AI123: 0 | AJ123: 0 | AK123: 1 | AL123: 1 | AQ123: =SUM(AG123:AP123) -> 3 | AR123: =SUM(AQ123/F$18*100) -> 1.7751479 | AS123: 1 | AT123: 4 | AU123: 2 | AV123: 5 | AW123: 1 | AX123: 1 | BC123: =SUM(AS123:BB123) -> 14 | BD123: =SUM(BC123/F$18*100) -> 8.2840237
H124: 13 | I124: 2 | J124: 1 | K124: 1 | L124: 4 | M124: 0 | N124: 2 | S124: =SUM(I124:R124) -> 10 | T124: =SUM(S124/F$18*100) -> 5.9171598 | U124: 2 | V124: 5 | W124: 6 | X124: 6 | Y124: 1 | Z124: 2 | AE124: =SUM(U124:AD124) -> 22 | AF124: =SUM(AE124/F$18*100) -> 13.017751 | AG124: 2 | AH124: 6 | AI124: 2 | AJ124: 3 | AK124: 6 | AL124: 2 | AQ124: =SUM(AG124:AP124) -> 21 | AR124: =SUM(AQ124/F$18*100) -> 12.426035 | AS124: 21 | AT124: 17 | AU124: 17 | AV124: 14 | AW124: 22 | AX124: 17 | BC124: =SUM(AS124:BB124) -> 108 | BD124: =SUM(BC124/F$18*100) -> 63.905325
... H133: 22 | I133: 4 | J133: 8 | K133: 4 | L133: 8 | M133: 6 | N133: 1 | S133: =SUM(I133:R133) -> 31 | T133: =SUM(S133/F$18*100) -> 18.343195 | U133: 16 | V133: 16 | W133: 19 | X133: 11 | Y133: 19 | Z133: 20 | AE133: =SUM(U133:AD133) -> 101 | AF133: =SUM(AE133/F$18*100) -> 59.763314 | AG133: 5 | AH133: 3 | AI133: 1 | AJ133: 5 | AK133: 3 | AL133: 1 | AQ133: =SUM(AG133:AP133) -> 18 | AR133: =SUM(AQ133/F$18*100) -> 10.650888 | AS133: 1 | AT133: 2 | AU133: 2 | AV133: 1 | AW133: 1 | AX133: 0 | BC133: =SUM(AS133:BB133) -> 7 | BD133: =SUM(BC133/F$18*100) -> 4.1420118
G135: PRODUÇÃO TEXTUAL
...

Sheet 9º Ano - CONSOLIDADO
G6: COLEÇÃO PREPARA BRASIL
G9: ANÁLISE DE DESEMPENHO - SIMULADO 4
G12: Unidade de Ensino: 1. EMEB BENTO ELOI GARCIA
A15: 9º ANO - CONSOLIDADO
A17: NÚMERO DE ALUNOS MATRICULADOS: | F17: =C40 -> 110
A18: NÚMERO DE PRESENTES | F18: =D40 -> 93
A19: NÚMERO DE ALUNOS AUSENTES | F19: =E40 -> 17
A20: NÚMERO DE ACD | F20: =F40 -> 1
A22: GUIA DE CORREÇÃO - PRODUÇÃO TEXTUAL
G25: DESEMPENHO POR ITEM
A26: Nº | B26: TURMA | C26: Nº DE ALUNOS MATRICULADOS | D26: Nº DE ALUNOS PRESENTES | E26: Nº DE ALUNOS AUSENTES | F26: Nº DE ACD | G26: LINGUAGENS | AF26: MATEMÁTICA
G27: Questão 01 | H27: Questão 02 | I27: Questão 03 | J27: Questão 04 | K27: Questão 05 | L27: Questão 06 | M27: Questão 07 | N27: Questão 08 | O27: Questão 09 | P27: Questão 10 | Q27: Questão 11 | R27: Questão 12 | S27: Questão 13 | T27: Questão 14 | U27: Questão 15 | V27: Questão 16 | W27: Questão 17 | X27: Questão 18 | Y27: Questão 19 | Z27: Questão 20 | AA27: Questão 21 | AB27: Questão 22 | AC27: Questão 23 | AD27: Questão 24 | AE27: Questão 25 | AF27: Questão 01 | AG27: Questão 02 | AH27: Questão 03 | AI27: Questão 04 | AJ27: Questão 05 | AK27: Questão 06 | AL27: Questão 07 | AM27: Questão 08 | AN27: Questão 09 | AO27: Questão 10 | AP27: Questão 11 | AQ27: Questão 12 | AR27: Questão 13 | AS27: Questão 14 | AT27: Questão 15 | AU27: Questão 16 | AV27: Questão 17 | AW27: Questão 18 | AX27: Questão 19 | AY27: Questão 20 | AZ27: Questão 21 | BA27: Questão 22 | BB27: Questão 23 | BC27: Questão 24 | BD27: Questão 25 | BE27: Questão 26
G29: A | H29: A | I29: C | J29: B | K29: D | L29: B | M29: C | N29: A | O29: D | P29: B | Q29: A | R29: B | S29: B | T29: A | U29: A | V29: C | W29: B | X29: A | Y29: B | Z29: C | AA29: A | AB29: A | AC29: B | AD29: B | AE29: B | AF29: C | AG29: B | AH29: B | AI29: C | AJ29: C | AK29: C | AL29: D | AM29: B | AN29: D | AO29: A | AP29: C | AQ29: B | AR29: D | AS29: B | AT29: C | AU29: A | AV29: B | AW29: C | AX29: D | AY29: D | AZ29: C | BA29: B | BB29: B | BC29: D | BD29: C | BE29: D
A30: 1 | B30: 9º ANO - 901 | C30: {='9º Ano - 901'!$C$17} -> 30 | D30: {='9º Ano - 901'!$C$18} -> 26 | E30: {='9º Ano - 901'!$C$19} -> 4 | F30: {='9º Ano - 901'!$C$20} -> 0 | G30: {='9º Ano - 901'!$D$70:$BB$70} -> 2 | H30: 8 | I30: 1 | J30: 2 | K30: 7 | L30: 7 | M30: 7 | N30: 4 | O30: 10 | P30: 8 | Q30: 1 | R30: 3 | S30: 5 | T30: 2 | U30: 2 | V30: 3 | W30: 17 | X30: 5 | Y30: 7 | Z30: 7 | AA30: 6 | AB30: 16 | AC30: 2 | AD30: 5 | AE30: 7 | AF30: 4 | AG30: 11 | AH30: 2 | AI30: 8 | AJ30: 9 | AK30: 3 | AL30: 10 | AM30: 9 | AN30: 4 | AO30: 6 | AP30: 8 | AQ30: 7 | AR30: 9 | AS30: 6 | AT30: 7 | AU30: 10 | AV30: 10 | AW30: 2 | AX30: 6 | AY30: 2 | AZ30: 10 | BA30: 6 | BB30: 4 | BC30: 7 | BD30: 8 | BE30: 3
A31: 2 | B31: 9º ANO - 902 | C31: {='9º Ano - 902'!$C$17} -> 31 | D31: {='9º Ano - 902'!$C$18} -> 25 | E31: {='9º Ano - 902'!$C$19} -> 6 | F31: {='9º Ano - 902'!$C$20} -> 0 | G31: {='9º Ano - 902'!$D$70:$BB$70} -> 5 | H31: 4 | I31: 2 | J31: 5 | K31: 5 | L31: 2 | M31: 4 | N31: 2 | O31: 11 | P31: 5 | Q31: 6 | R31: 3 | S31: 3 | T31: 7 | U31: 5 | V31: 1 | W31: 13 | X31: 5 | Y31: 5 | Z31: 2 | AA31: 2 | AB31: 4 | AC31: 3 | AD31: 1 | AE31: 2 | AF31: 9 | AG31: 3 | AH31: 2 | AI31: 7 | AJ31: 3 | AK31: 8 | AL31: 6 | AM31: 4 | AN31: 3 | AO31: 2 | AP31: 5 | AQ31: 5 | AR31: 12 | AS31: 7 | AT31: 8 | AU31: 10 | AV31: 6 | AW31: 9 | AX31: 8 | AY31: 5 | AZ31: 8 | BA31: 5 | BB31: 6 | BC31: 9 | BD31: 5 | BE31: 6
A32: 3 | B32: 9º ANO - 903 | C32: {='9º Ano - 903'!$C$17} -> 22 | D32: {='9º Ano - 903'!$C$18} -> 17 | E32: {='9º Ano - 903'!$C$19} -> 5 | F32: {='9º Ano - 903'!$C$20} -> 0 | G32: {='9º Ano - 903'!$D$70:$BB$70} -> 2 | H32: 2 | I32: 1 | J32: 1 | K32: 4 | L32: 3 | M32: 2 | N32: 4 | O32: 9 | P32: 2 | Q32: 6 | R32: 1 | S32: 3 | T32: 4 | U32: 1 | V32: 1 | W32: 9 | X32: 1 | Y32: 4 | Z32: 1 | AA32: 5 | AB32: 7 | AC32: 4 | AD32: 1 | AE32: 3 | AF32: 5 | AG32: 3 | AH32: 2 | AI32: 4 | AJ32: 5 | AK32: 4 | AL32: 2 | AM32: 5 | AN32: 7 | AO32: 1 | AP32: 1 | AQ32: 3 | AR32: 5 | AS32: 4 | AT32: 2 | AU32: 3 | AV32: 6 | AW32: 6 | AX32: 4 | AY32: 3 | AZ32: 4 | BA32: 6 | BB32: 5 | BC32: 5 | BD32: 3 | BE32: 4
A33: 4 | B33: 9º ANO - 904 | C33: {='9º Ano - 904'!$C$17} -> 27 | D33: {='9º Ano - 904'!$C$18} -> 25 | E33: {='9º Ano - 904'!$C$19} -> 2 | F33: {='9º Ano - 904'!$C$20} -> 1 | G33: {='9º Ano - 904'!$D$70:$BB$70} -> 3 | H33: 4 | I33: 2 | J33: 7 | K33: 6 | L33: 8 | M33: 4 | N33: 7 | O33: 4 | P33: 10 | Q33: 6 | R33: 4 | S33: 5 | T33: 4 | U33: 4 | V33: 2 | W33: 12 | X33: 2 | Y33: 5 | Z33: 5 | AA33: 7 | AB33: 5 | AC33: 9 | AD33: 7 | AE33: 3 | AF33: 14 | AG33: 8 | AH33: 3 | AI33: 6 | AJ33: 6 | AK33: 6 | AL33: 5 | AM33: 8 | AN33: 5 | AO33: 2 | AP33: 5 | AQ33: 8 | AR33: 6 | AS33: 5 | AT33: 4 | AU33: 9 | AV33: 6 | AW33: 6 | AX33: 3 | AY33: 7 | AZ33: 7 | BA33: 4 | BB33: 2 | BC33: 9 | BD33: 6 | BE33: 7
A34: 5
A35: 5
A36: 5
A37: 5
A38: 5
A39: 5
C40: =SUM(C30:C39) -> 110 | D40: =SUM(D30:D39) -> 93 | E40: =SUM(E30:E39) -> 17 | F40: =SUM(F30:F39) -> 1 | G40: =SUM(G30:G39) -> 12 | H40: =SUM(H30:H39) -> 18 | I40: =SUM(I30:I39) -> 6 | J40: =SUM(J30:J39) -> 15 | ... BE40: =SUM(BE30:BE39) -> 20
G42: DESEMPENHO POR HABILIDADE
G43: QUESTÃO | I43: Nº. A | J43: % | K43: HABILIDADE
G45: LINGUAGENS | H45: 1 | I45: =G40 -> 12 | J45: =SUM(I45/F$17*100) -> 10.909091 | K45: Eixo do conhecimento: Leitura. Eixo cognitivo: Analisar – Analisar a intertextualidade entre textos literários ou entre estes e outros textos verbais ou não verbais.
H46: 2 | I46: =H40 -> 18 | J46: =SUM(I46/F$17*100) -> 16.363636 | K46: Eixo do conhecimento: Leitura. Eixo cognitivo: Analisar – Analisar a intertextualidade entre textos literários ou entre estes e outros textos verbais ou não verbais.
H47: 3 | I47: =I40 -> 6 | J47: =SUM(I47/F$17*100) -> 5.4545455 | K47: Eixo do conhecimento: Leitura. Eixo cognitivo: Analisar – Analisar efeitos de sentido produzido pelo uso de formas de apropriação textual (paráfrase, citação etc.).
H48: 4 | I48: =J40 -> 15 | J48: =SUM(I48/F$17*100) -> 13.636364 | K48: Eixo do conhecimento: Língua inglesa. Eixo cognitivo: Reconhecer – Reconhecer elementos de forma e/ou conteúdo de textos de cunho artístico-cultural (artes, literatura, música, dança, festividades, entre outros) em língua inglesa
H49: 5 | I49: =K40 -> 22 | J49: =SUM(I49/F$17*100) -> 20 | K49: Eixo do conhecimento: Educação Física. Eixo cognitivo: Analisar – Diferenciar as danças urbanas, seus elementos constitutivos e seu valor cultural nas demais manifestações da dança.valor cultural nas demais manifestações da dança.
H50: 6 | I50: =L40 -> 20 | J50: =SUM(I50/F$17*100) -> 18.181818 | K50: Eixo do conhecimento: Leitura. Eixo cognitivo: Analisar – Analisar elementos constitutivos de textos pertencentes ao domínio literário.
H51: 7 | I51: =M40 -> 17 | J51: =SUM(I51/F$17*100) -> 15.454545 | K51: Eixo do conhecimento: Língua Inglesa. Eixo cognitivo: Eixo do conhecimento: Língua Inglesa. Eixo cognitivo: Analisar – Analisar a intertextualidade entre textos literários ou entre estes e outros textos verbais ou não verbais.
H52: 8 | I52: =N40 -> 17 | J52: =SUM(I52/F$17*100) -> 15.454545 | K52: Eixo do conhecimento: Leitura. Eixo cognitivo: Analisar – Analisar elementos constitutivos de textos pertencentes ao domínio literário.
H53: 9 | I53: =O40 -> 34 | J53: =SUM(I53/F$17*100) -> 30.909091 | K53: Eixo do conhecimento: Língua inglesa. Eixo cognitivo: Avaliar – Avaliar o uso do léxico (tais como palavras polissêmicas ou expressões metafóricas) em textos em língua inglesa.
H54: 10 | I54: =P40 -> 25 | J54: =SUM(I54/F$17*100) -> 22.727273 | K54: Eixo do conhecimento: Leitura. Eixo cognitivo: Analisar – Analisar elementos constitutivos de textos pertencentes ao domínio literário.
H55: 11 | I55: =Q40 -> 19 | J55: =SUM(I55/F$17*100) -> 17.272727 | K55: Eixo do conhecimento: Leitura. Eixo cognitivo: Analisar – Inferir informações implícitas em distintos textos
H56: 12 | I56: =R40 -> 11 | J56: =SUM(I56/F$17*100) -> 10 | K56: Eixo do conhecimento: Arte. Eixo cognitivo: Reconhecer – Identificar os usos de diferentes tecnologias e recursos digitais na produção e circulação das linguagens artísticas.
H57: 13 | I57: =S40 -> 16 | J57: =SUM(I57/F$17*100) -> 14.545455 | K57: Eixo do conhecimento: Leitura. Eixo cognitivo: Analisar – Inferir, em textos multissemióticos, efeitos de humor, ironia e/ou crítica.
H58: 14 | I58: =T40 -> 17 | J58: =SUM(I58/F$17*100) -> 15.454545 | K58: Eixo do conhecimento: Leitura. Eixo cognitivo: Analisar – Analisar elementos constitutivos de textos pertencentes ao domínio literário.
H59: 15 | I59: =U40 -> 12 | J59: =SUM(I59/F$17*100) -> 10.909091 | K59: Eixo do conhecimento: Leitura. Eixo cognitivo: Analisar – Analisar elementos constitutivos de textos pertencentes ao domínio literário
H60: 16 | I60: =V40 -> 7 | J60: =SUM(I60/F$17*100) -> 6.3636364 | K60: Eixo do conhecimento: Leitura. Eixo cognitivo: Analisar – Analisar elementos constitutivos de textos pertencentes ao domínio literário.
H61: 17 | I61: =W40 -> 51 | J61: =SUM(I61/F$17*100) -> 46.363636 | K61: Eixo do conhecimento: Leitura. Eixo cognitivo: Analisar – Analisar elementos constitutivos de textos pertencentes ao domínio literário.
H62: 18 | I62: =X40 -> 13 | J62: =SUM(I62/F$17*100) -> 11.818182 | K62: Eixo do conhecimento: Língua inglesa. Eixo cognitivo: Avaliar – Avaliar a presença, no mundo globalizado, da língua inglesa e/ou de produtos culturais de países de língua inglesa.
H63: 19 | I63: =Y40 -> 21 | J63: =SUM(I63/F$17*100) -> 19.090909 | K63: Eixo do conhecimento: Educação Física. Eixo cognitivo: Reconhecer – Identificar as diferentes valências físicas necessárias à realização de práticas corporais (jogos eletrônicos, lutas, práticas corporais de aventura, ginásticas, esportes e dança).
H64: 20 | I64: =Z40 -> 15 | J64: =SUM(I64/F$17*100) -> 13.636364 | K64: Eixo do conhecimento: Análise linguística/semiótica. Eixo cognitivo: Analisar – Analisar os efeitos de sentido dos tempos, modos e/ou vozes verbais com base no gênero textual e na intenção comunicativa.
H65: 21 | I65: =AA40 -> 20 | J65: =SUM(I65/F$17*100) -> 18.181818 | K65: Eixo do conhecimento: Leitura. Eixo cognitivo: Analisar – Inferir, em textos multissemióticos, efeitos de humor, ironia e/ou crítica.
H66: 22 | I66: =AB40 -> 32 | J66: =SUM(I66/F$17*100) -> 29.090909 | K66: Eixo do conhecimento: Leitura. Eixo cognitivo: Analisar – Analisar elementos constitutivos de textos pertencentes ao domínio literário.
H67: 23 | I67: =AC40 -> 18 | J67: =SUM(I67/F$17*100) -> 16.363636 | K67: Eixo do conhecimento: Leitura. Eixo cognitivo: Analisar – Inferir a presença de valores sociais, culturais e humanos em textos literários.
H68: 24 | I68: =AD40 -> 14 | J68: =SUM(I68/F$17*100) -> 12.727273 | K68: Eixo do conhecimento: Leitura. Eixo cognitivo: Analisar – Analisar elementos constitutivos de textos pertencentes ao domínio literário.
H69: 25 | I69: =AE40 -> 15 | J69: =SUM(I69/F$17*100) -> 13.636364 | K69: Eixo do conhecimento: Educação Física. Eixo cognitivo: Reconhecer – Identificar o valor do patrimônio urbano e natural nas vivências das práticas corporais de aventura urbana e na natureza.
G70: MATEMÁTICA | H70: 1 | I70: =AF40 -> 32 | J70: =SUM(I70/F$17*100) -> 29.090909 | K70: 9G2.6 – Resolver problemas que envolvam aplicação das relações de proporcionalidade abrangendo retas paralelas cortadas por transversais
H71: 2 | I71: =AG40 -> 25 | J71: =SUM(I71/F$17*100) -> 22.727273 | K71: 9G1.7 – Reconhecer polígonos semelhantes ou as relações existentes entre ângulos e lados correspondentes nesses tipos de polígonos.
H72: 3 | I72: =AH40 -> 9 | J72: =SUM(I72/F$17*100) -> 8.1818182 | K72: 9G1.7 – Reconhecer polígonos semelhantes ou as relações existentes entre ângulos e lados correspondentes nesses tipos de polígonos.
H73: 4 | I73: =AI40 -> 25 | J73: =SUM(I73/F$17*100) -> 22.727273 | K73: 9G2.5 – Resolver problemas que envolvam polígonos semelhantes.
H74: 5 | I74: =AJ40 -> 23 | J74: =SUM(I74/F$17*100) -> 20.909091 | K74: 9G2.5 – Resolver problemas que envolvam polígonos semelhantes.
H75: 6 | I75: =AK40 -> 21 | J75: =SUM(I75/F$17*100) -> 19.090909 | K75: 9G1.7 – Reconhecer polígonos semelhantes ou as relações existentes entre ângulos e lados correspondentes nesses tipos de polígonos.
H76: 7 | I76: =AL40 -> 23 | J76: =SUM(I76/F$17*100) -> 20.909091 | K76: 9G2.3 – Resolver problemas que envolvam relações métricas do triângulo retângulo, incluindo o teorema de Pitágoras.
H77: 8 | I77: =AM40 -> 26 | J77: =SUM(I77/F$17*100) -> 23.636364 | K77: 9G2.3 – Resolver problemas que envolvam relações métricas do triângulo retângulo, incluindo o teorema de Pitágoras.
H78: 9 | I78: =AN40 -> 19 | J78: =SUM(I78/F$17*100) -> 17.272727 | K78: 9G2.3 – Resolver problemas que envolvam relações métricas do triângulo retângulo, incluindo o teorema de Pitágoras.
H79: 10 | I79: =AO40 -> 11 | J79: =SUM(I79/F$17*100) -> 10 | K79: 9G2.3 – Resolver problemas que envolvam relações métricas do triângulo retângulo, incluindo o teorema de Pitágoras.
H80: 11 | I80: =AP40 -> 19 | J80: =SUM(I80/F$17*100) -> 17.272727 | K80: 9G2.3 – Resolver problemas que envolvam relações métricas do triângulo retângulo, incluindo o teorema de Pitágoras.
H81: 12 | I81: =AQ40 -> 23 | J81: =SUM(I81/F$17*100) -> 20.909091 | K81: 9G1.5 – Identificar propriedades e relações existentes entre os elementos de um triângulo (condição de existência, relações de ordem entre as medidas dos lados e as medidas dos ângulos internos, soma dos ângulos internos, determinação da medida de um ângulo interno ou externo)
H82: 13 | I82: =AR40 -> 32 | J82: =SUM(I82/F$17*100) -> 29.090909 | K82: 9E1.2 – Representar OU associar os dados de uma pesquisa estatística ou de um levantamento em listas, tabelas (simples ou de dupla entrada ou gráficos (barras simples ou agrupadas, colunas simples ou agrupadas, pictóricos, de linhas, de setores, ou em histograma).
H83: 14 | I83: =AS40 -> 22 | J83: =SUM(I83/F$17*100) -> 20 | K83: 9E1.2 – Representar OU associar os dados de uma pesquisa estatística ou de um levantamento em listas, tabelas (simples ou de dupla entrada) ou gráficos (barras simples ou agrupadas, colunas simples ou agrupadas, pictóricos, de linhas, de setores, ou em histograma).
H84: 15 | I84: =AT40 -> 21 | J84: =SUM(I84/F$17*100) -> 19.090909 | K84: 9E1.2 – Representar OU associar os dados de uma pesquisa estatística ou de um levantamento em listas, tabelas (simples ou de dupla entrada) ou gráficos (barras simples ou agrupadas, colunas simples ou agrupadas, pictóricos, de linhas, de setores, ou em histograma).
H85: 16 | I85: =AU40 -> 32 | J85: =SUM(I85/F$17*100) -> 29.090909 | K85: 9E1.2 – Representar OU associar os dados de uma pesquisa estatística ou de um levantamento em listas, tabelas (simples ou de dupla entrada) ou gráficos (barras simples ou agrupadas, colunas simples ou agrupadas, pictóricos, de linhas, de setores, ou em histograma).
H86: 17 | I86: =AV40 -> 28 | J86: =SUM(I86/F$17*100) -> 25.454545 | K86: 9E1.2 – Representar OU associar os dados de uma pesquisa estatística ou de um levantamento em listas, tabelas (simples ou de dupla entrada) ou gráficos (barras simples ou agrupadas, colunas simples ou agrupadas, pictóricos, de linhas, de setores, ou em histograma)
H87: 18 | I87: =AW40 -> 23 | J87: =SUM(I87/F$17*100) -> 20.909091 | K87: 9E1.2 – Representar OU associar os dados de uma pesquisa estatística ou de um levantamento em listas, tabelas (simples ou de dupla entrada) ou gráficos (barras simples ou agrupadas, colunas simples ou agrupadas, pictóricos, de linhas, de setores, ou em histograma)
H88: 19 | I88: =AX40 -> 21 | J88: =SUM(I88/F$17*100) -> 19.090909 | K88: 9E1.2 – Representar OU associar os dados de uma pesquisa estatística ou de um levantamento em listas, tabelas (simples ou de dupla entrada) ou gráficos (barras simples ou agrupadas, colunas simples ou agrupadas, pictóricos, de linhas, de setores, ou em histograma).
H89: 20 | I89: =AY40 -> 17 | J89: =SUM(I89/F$17*100) -> 15.454545 | K89: 9E1.2 – Representar OU associar os dados de uma pesquisa estatística ou de um levantamento em listas, tabelas (simples ou de dupla entrada) ou gráficos (barras simples ou agrupadas, colunas simples ou agrupadas, pictóricos, de linhas, de setores, ou em histograma).
H90: 21 | I90: =AZ40 -> 29 | J90: =SUM(I90/F$17*100) -> 26.363636 | K90: 9E2.4 – Resolver problemas que envolvam a probabilidade de ocorrência de um resultado em eventos aleatórios equiprováveis independentes ou dependentes
H91: 22 | I91: =BA40 -> 21 | J91: =SUM(I91/F$17*100) -> 19.090909 | K91: 9E2.4 – Resolver problemas que envolvam a probabilidade de ocorrência de um resultado em eventos aleatórios equiprováveis independentes ou dependentes.
H92: 23 | I92: =BB40 -> 17 | J92: =SUM(I92/F$17*100) -> 15.454545 | K92: 9E2.4 – Resolver problemas que envolvam a probabilidade de ocorrência de um resultado em eventos aleatórios equiprováveis independentes ou dependentes.
H93: 24 | I93: =BC40 -> 30 | J93: =SUM(I93/F$17*100) -> 27.272727 | K93: 9E2.4 – Resolver problemas que envolvam a probabilidade de ocorrência de um resultado em eventos aleatórios equiprováveis independentes ou dependentes.
H94: 25 | I94: =BD40 -> 22 | J94: =SUM(I94/F$17*100) -> 20 | K94: 9E2.4 – Resolver problemas que envolvam a probabilidade de ocorrência de um resultado em eventos aleatórios equiprováveis independentes ou dependentes.
H95: 26 | I95: =BE40 -> 20 | J95: =SUM(I95/F$17*100) -> 18.181818 | K95: 9E2.4 – Resolver problemas que envolvam a probabilidade de ocorrência de um resultado em eventos aleatórios equiprováveis independentes ou dependentes.
G97: ANÁLISE DE DISTRATORES
I98: 901 | J98: 902 | K98: 903 | L98: 904 | M98: 905 | N98: 906 | O98: 907 | P98: 908 | Q98: 909 | R98: 910 | S98: N | T98: A | U98: 901 | V98: 902 | W98: 903 | X98: 904 | Y98: 905 | Z98: 906 | AA98: 907 | AB98: 908 | AC98: 909 | AD98: 910 | AE98: N | AF98: B | AG98: 901 | AH98: 902 | AI98: 903 | AJ98: 904 | AK98: 905 | AL98: 906 | AM98: 907 | AN98: 908 | AO98: 909 | AP98: 910 | AQ98: N | AR98: C | AS98: 901 | AT98: 902 | AU98: 903 | AV98: 904 | AW98: 905 | AX98: 906 | AY98: 907 | AZ98: 908 | BA98: 909 | BB98: 910 | BC98: N | BD98: D
G99: LINGUAGENS | H99: 1 | I99: {='9º Ano - 901'!$AN$75:$AN$125} -> 5 | J99: {='9º Ano - 902'!$AN$75:$AN$125} -> 6 | K99: {='9º Ano - 903'!$AN$75:$AN$125} -> 6 | L99: {='9º Ano - 904'!$AN$75:$AN$125} -> 11 | S99: =SUM(I99:R99) -> 28 | T99: =SUM(S99/F$17*100) -> 25.454545 | U99: {='9º Ano - 901'!$AP$75:$AP$125} -> 2 | V99: {='9º Ano - 902'!$AP$75:$AP$125} -> 5 | W99: {='9º Ano - 903'!$AP$75:$AP$125} -> 2 | X99: {='9º Ano - 904'!$AP$75:$AP$125} -> 3 | AE99: =SUM(U99:AD99) -> 12 | AF99: =SUM(AE99/F$17*100) -> 10.909091 | AG99: {='9º Ano - 901'!$AR$75:$AR$125} -> 6 | AH99: {='9º Ano - 902'!$AR$75:$AR$125} -> 9 | AI99: {='9º Ano - 903'!$AR$75:$AR$125} -> 6 | AJ99: {='9º Ano - 904'!$AR$75:$AR$125} -> 11 | AQ99: =SUM(AG99:AP99) -> 32 | AR99: =SUM(AQ99/F$17*100) -> 29.090909 | AS99: {='9º Ano - 901'!$AT$75:$AT$125} -> 13 | AT99: {='9º Ano - 902'!$AT$75:$AT$125} -> 5 | AU99: {='9º Ano - 903'!$AT$75:$AT$125} -> 3 | AV99: {='9º Ano - 904'!$AT$75:$AT$125} -> 0 | BC99: =SUM(AS99:BB99) -> 21 | BD99: =SUM(BC99/F$17*100) -> 19.090909
H100: 2 | I100: 9 | J100: 7 | K100: 8 | L100: 9 | S100: =SUM(I100:R100) -> 33 | T100: =SUM(S100/F$17*100) -> 30 | U100: 6 | V100: 8 | W100: 4 | X100: 6 | AE100: =SUM(U100:AD100) -> 24 | AF100: =SUM(AE100/F$17*100) -> 21.818182 | AG100: 8 | AH100: 4 | AI100: 2 | AJ100: 4 | AQ100: =SUM(AG100:AP100) -> 18 | AR100: =SUM(AQ100/F$17*100) -> 16.363636 | AS100: 2 | AT100: 6 | AU100: 3 | AV100: 6 | BC100: =SUM(AS100:BB100) -> 17 | BD100: =SUM(BC100/F$17*100) -> 15.454545
H101: 3 | I101: 0 | J101: 4 | K101: 1 | L101: 4 | S101: =SUM(I101:R101) -> 9 | T101: =SUM(S101/F$17*100) -> 8.1818182 | U101: 4 | V101: 0 | W101: 0 | X101: 4 | AE101: =SUM(U101:AD101) -> 8 | AF101: =SUM(AE101/F$17*100) -> 7.2727273 | AG101: 21 | AH101: 19 | AI101: 15 | AJ101: 15 | AQ101: =SUM(AG101:AP101) -> 70 | AR101: =SUM(AQ101/F$17*100) -> 63.636364 | AS101: 1 | AT101: 2 | AU101: 1 | AV101: 2 | BC101: =SUM(AS101:BB101) -> 6 | BD101: =SUM(BC101/F$17*100) -> 5.4545455
H102: 4 | I102: 2 | J102: 5 | K102: 1 | L102: 7 | S102: =SUM(I102:R102) -> 15 | T102: =SUM(S102/F$17*100) -> 13.636364 | U102: 14 | V102: 8 | W102: 7 | X102: 11 | AE102: =SUM(U102:AD102) -> 40 | AF102: =SUM(AE102/F$17*100) -> 36.363636 | AG102: 6 | AH102: 6 | AI102: 4 | AJ102: 2 | AQ102: =SUM(AG102:AP102) -> 18 | AR102: =SUM(AQ102/F$17*100) -> 16.363636 | AS102: 4 | AT102: 6 | AU102: 5 | AV102: 5 | BC102: =SUM(AS102:BB102) -> 20 | BD102: =SUM(BC102/F$17*100) -> 18.181818
H103: 5 | I103: 5 | J103: 7 | K103: 7 | L103: 3 | S103: =SUM(I103:R103) -> 22 | T103: =SUM(S103/F$17*100) -> 20 | U103: 7 | V103: 5 | W103: 4 | X103: 6 | AE103: =SUM(U103:AD103) -> 22 | AF103: =SUM(AE103/F$17*100) -> 20 | AG103: 1 | AH103: 5 | AI103: 1 | AJ103: 4 | AQ103: =SUM(AG103:AP103) -> 11 | AR103: =SUM(AQ103/F$17*100) -> 10 | AS103: 13 | AT103: 8 | AU103: 5 | AV103: 12 | BC103: =SUM(AS103:BB103) -> 38 | BD103: =SUM(BC103/F$17*100) -> 34.545455
H104: 6 | I104: 4 | J104: 4 | K104: 1 | L104: 2 | S104: =SUM(I104:R104) -> 11 | T104: =SUM(S104/F$17*100) -> 10 | U104: 9 | V104: 17 | W104: 9 | X104: 12 | AE104: =SUM(U104:AD104) -> 47 | AF104: =SUM(AE104/F$17*100) -> 42.727273 | AG104: 5 | AH104: 2 | AI104: 4 | AJ104: 3 | AQ104: =SUM(AG104:AP104) -> 14 | AR104: =SUM(AQ104/F$17*100) -> 12.727273 | AS104: 7 | AT104: 2 | AU104: 3 | AV104: 8 | BC104: =SUM(AS104:BB104) -> 20 | BD104: =SUM(BC104/F$17*100) -> 18.181818
H105: 7 | I105: 11 | J105: 6 | K105: 8 | L105: 10 | S105: =SUM(I105:R105) -> 35 | T105: =SUM(S105/F$17*100) -> 31.818182 | U105: 7 | V105: 4 | W105: 2 | X105: 4 | AE105: =SUM(U105:AD105) -> 17 | AF105: =SUM(AE105/F$17*100) -> 15.454545 | AG105: 6 | AH105: 7 | AI105: 2 | AJ105: 6 | AQ105: =SUM(AG105:AP105) -> 21 | AR105: =SUM(AQ105/F$17*100) -> 19.090909 | AS105: 2 | AT105: 7 | AU105: 5 | AV105: 5 | BC105: =SUM(AS105:BB105) -> 19 | BD105: =SUM(BC105/F$17*100) -> 17.272727
H106: 8 | I106: 18 | J106: 12 | K106: 6 | L106: 6 | S106: =SUM(I106:R106) -> 42 | T106: =SUM(S106/F$17*100) -> 38.181818 | U106: 4 | V106: 2 | W106: 4 | X106: 7 | AE106: =SUM(U106:AD106) -> 17 | AF106: =SUM(AE106/F$17*100) -> 15.454545 | AG106: 2 | AH106: 4 | AI106: 5 | AJ106: 5 | AQ106: =SUM(AG106:AP106) -> 16 | AR106: =SUM(AQ106/F$17*100) -> 14.545455 | AS106: 2 | AT106: 7 | AU106: 2 | AV106: 7 | BC106: =SUM(AS106:BB106) -> 18 | BD106: =SUM(BC106/F$17*100) -> 16.363636
H107: 9 | I107: 3 | J107: 8 | K107: 3 | L107: 7 | S107: =SUM(I107:R107) -> 21 | T107: =SUM(S107/F$17*100) -> 19.090909 | U107: 8 | V107: 3 | W107: 2 | X107: 4 | AE107: =SUM(U107:AD107) -> 17 | AF107: =SUM(AE107/F$17*100) -> 15.454545 | AG107: 10 | AH107: 11 | AI107: 9 | AJ107: 4 | AQ107: =SUM(AG107:AP107) -> 34 | AR107: =SUM(AQ107/F$17*100) -> 30.909091 | AS107: 5 | AT107: 3 | AU107: 3 | AV107: 10 | BC107: =SUM(AS107:BB107) -> 21 | BD107: =SUM(BC107/F$17*100) -> 19.090909
H108: 10 | I108: 7 | J108: 6 | K108: 6 | L108: 3 | S108: =SUM(I108:R108) -> 22 | T108: =SUM(S108/F$17*100) -> 20 | U108: 7 | V108: 14 | W108: 6 | X108: 9 | AE108: =SUM(U108:AD108) -> 36 | AF108: =SUM(AE108/F$17*100) -> 32.727273 | AG108: 8 | AH108: 5 | AI108: 2 | AJ108: 10 | AQ108: =SUM(AG108:AP108) -> 25 | AR108: =SUM(AQ108/F$17*100) -> 22.727273 | AS108: 4 | AT108: 0 | AU108: 3 | AV108: 3 | BC108: =SUM(AS108:BB108) -> 10 | BD108: =SUM(BC108/F$17*100) -> 9.0909091
H109: 11 | I109: 10 | J109: 9 | K109: 5 | L109: 9 | S109: =SUM(I109:R109) -> 33 | T109: =SUM(S109/F$17*100) -> 30 | U109: 1 | V109: 6 | W109: 6 | X109: 6 | AE109: =SUM(U109:AD109) -> 19 | AF109: =SUM(AE109/F$17*100) -> 17.272727 | AG109: 9 | AH109: 4 | AI109: 3 | AJ109: 3 | AQ109: =SUM(AG109:AP109) -> 19 | AR109: =SUM(AQ109/F$17*100) -> 17.272727 | AS109: 6 | AT109: 6 | AU109: 3 | AV109: 7 | BC109: =SUM(AS109:BB109) -> 22 | BD109: =SUM(BC109/F$17*100) -> 20
H110: 12 | I110: 3 | J110: 3 | K110: 1 | L110: 4 | S110: =SUM(I110:R110) -> 11 | T110: =SUM(S110/F$17*100) -> 10 | U110: 10 | V110: 13 | W110: 9 | X110: 11 | AE110: =SUM(U110:AD110) -> 43 | AF110: =SUM(AE110/F$17*100) -> 39.090909 | AG110: 4 | AH110: 6 | AI110: 5 | AJ110: 8 | AQ110: =SUM(AG110:AP110) -> 23 | AR110: =SUM(AQ110/F$17*100) -> 20.909091 | AS110: 9 | AT110: 3 | AU110: 2 | AV110: 1 | BC110: =SUM(AS110:BB110) -> 15 | BD110: =SUM(BC110/F$17*100) -> 13.636364
H111: 13 | I111: 3 | J111: 5 | K111: 5 | L111: 7 | S111: =SUM(I111:R111) -> 20 | T111: =SUM(S111/F$17*100) -> 18.181818 | U111: 15 | V111: 8 | W111: 7 | X111: 9 | AE111: =SUM(U111:AD111) -> 39 | AF111: =SUM(AE111/F$17*100) -> 35.454545 | AG111: 3 | AH111: 9 | AI111: 2 | AJ111: 4 | AQ111: =SUM(AG111:AP111) -> 18 | AR111: =SUM(AQ111/F$17*100) -> 16.363636 | AS111: 5 | AT111: 3 | AU111: 3 | AV111: 5 | BC111: =SUM(AS111:BB111) -> 16 | BD111: =SUM(BC111/F$17*100) -> 14.545455
... H123: 25 | I123: 4 | J123: 9 | K123: 2 | L123: 10 | S123: =SUM(I123:R123) -> 25 | T123: =SUM(S123/F$17*100) -> 22.727273 | U123: 10 | V123: 9 | W123: 6 | X123: 7 | AE123: =SUM(U123:AD123) -> 32 | AF123: =SUM(AE123/F$17*100) -> 29.090909 | AG123: 7 | AH123: 2 | AI123: 3 | AJ123: 3 | AQ123: =SUM(AG123:AP123) -> 15 | AR123: =SUM(AQ123/F$17*100) -> 13.636364 | AS123: 5 | AT123: 5 | AU123: 5 | AV123: 5 | BC123: =SUM(AS123:BB123) -> 20 | BD123: =SUM(BC123/F$17*100) -> 18.181818
G124: MATEMÁTICA | H124: 1 | I124: 14 | J124: 9 | K124: 6 | L124: 6 | S124: =SUM(I124:R124) -> 35 | T124: =SUM(S124/F$17*100) -> 31.818182 | U124: 5 | V124: 2 | W124: 4 | X124: 2 | AE124: =SUM(U124:AD124) -> 13 | AF124: =SUM(AE124/F$17*100) -> 11.818182 | AG124: 4 | AH124: 9 | AI124: 5 | AJ124: 14 | AQ124: =SUM(AG124:AP124) -> 32 | AR124: =SUM(AQ124/F$17*100) -> 29.090909 | AS124: 4 | AT124: 5 | AU124: 2 | AV124: 3 | BC124: =SUM(AS124:BB124) -> 14 | BD124: =SUM(BC124/F$17*100) -> 12.727273
H125: 2 | I125: 2 | J125: 5 | K125: 3 | L125: 5 | S125: =SUM(I125:R125) -> 15 | T125: =SUM(S125/F$17*100) -> 13.636364 | U125: 11 | V125: 3 | W125: 3 | X125: 8 | AE125: =SUM(U125:AD125) -> 25 | AF125: =SUM(AE125/F$17*100) -> 22.727273 | AG125: 7 | AH125: 8 | AI125: 7 | AJ125: 8 | AQ125: =SUM(AG125:AP125) -> 30 | AR125: =SUM(AQ125/F$17*100) -> 27.272727 | AS125: 6 | AT125: 9 | AU125: 4 | AV125: 4 | BC125: =SUM(AS125:BB125) -> 23 | BD125: =SUM(BC125/F$17*100) -> 20.909091
H126: 3 | I126: 2 | J126: 2 | K126: 2 | L126: 3 | S126: =SUM(I126:R126) -> 9 | T126: =SUM(S126/F$17*100) -> 8.1818182 | U126: 13 | V126: 13 | W126: 4 | X126: 6 | AE126: =SUM(U126:AD126) -> 36 | AF126: =SUM(AE126/F$17*100) -> 32.727273 | AG126: 4 | AH126: 4 | AI126: 3 | AJ126: 6 | AQ126: =SUM(AG126:AP126) -> 17 | AR126: =SUM(AQ126/F$17*100) -> 15.454545 | AS126: 7 | AT126: 6 | AU126: 8 | AV126: 9 | BC126: =SUM(AS126:BB126) -> 30 | BD126: =SUM(BC126/F$17*100) -> 27.272727
H127: 4 | I127: 8 | J127: 7 | K127: 4 | L127: 6 | S127: =SUM(I127:R127) -> 25 | T127: =SUM(S127/F$17*100) -> 22.727273 | U127: 8 | V127: 5 | W127: 6 | X127: 6 | AE127: =SUM(U127:AD127) -> 25 | AF127: =SUM(AE127/F$17*100) -> 22.727273 | AG127: 7 | AH127: 6 | AI127: 6 | AJ127: 5 | AQ127: =SUM(AG127:AP127) -> 24 | AR127: =SUM(AQ127/F$17*100) -> 21.818182 | AS127: 4 | AT127: 7 | AU127: 1 | AV127: 8 | BC127: =SUM(AS127:BB127) -> 20 | BD127: =SUM(BC127/F$17*100) -> 18.181818
H128: 5 | I128: 5 | J128: 6 | K128: 6 | L128: 5 | S128: =SUM(I128:R128) -> 22 | T128: =SUM(S128/F$17*100) -> 20 | U128: 7 | V128: 8 | W128: 3 | X128: 8 | AE128: =SUM(U128:AD128) -> 26 | AF128: =SUM(AE128/F$17*100) -> 23.636364 | AG128: 5 | AH128: 8 | AI128: 3 | AJ128: 6 | AQ128: =SUM(AG128:AP128) -> 22 | AR128: =SUM(AQ128/F$17*100) -> 20 | AS128: 9 | AT128: 3 | AU128: 5 | AV128: 6 | BC128: =SUM(AS128:BB128) -> 23 | BD128: =SUM(BC128/F$17*100) -> 20.909091
H129: 6 | I129: 3 | J129: 8 | K129: 4 | L129: 6 | S129: =SUM(I129:R129) -> 21 | T129: =SUM(S129/F$17*100) -> 19.090909 | U129: 15 | V129: 5 | W129: 6 | X129: 11 | AE129: =SUM(U129:AD129) -> 37 | AF129: =SUM(AE129/F$17*100) -> 33.636364 | AG129: 6 | AH129: 6 | AI129: 4 | AJ129: 3 | AQ129: =SUM(AG129:AP129) -> 19 | AR129: =SUM(AQ129/F$17*100) -> 17.272727 | AS129: 2 | AT129: 5 | AU129: 3 | AV129: 5 | BC129: =SUM(AS129:BB129) -> 15 | BD129: =SUM(BC129/F$17*100) -> 13.636364
H130: 7 | I130: 10 | J130: 6 | K130: 2 | L130: 5 | S130: =SUM(I130:R130) -> 23 | T130: =SUM(S130/F$17*100) -> 20.909091 | U130: 4 | V130: 10 | W130: 8 | X130: 8 | AE130: =SUM(U130:AD130) -> 30 | AF130: =SUM(AE130/F$17*100) -> 27.272727 | AG130: 10 | AH130: 4 | AI130: 4 | AJ130: 4 | AQ130: =SUM(AG130:AP130) -> 22 | AR130: =SUM(AQ130/F$17*100) -> 20 | AS130: 3 | AT130: 5 | AU130: 3 | AV130: 8 | BC130: =SUM(AS130:BB130) -> 19 | BD130: =SUM(BC130/F$17*100) -> 17.272727
...

Sheet 5º Ano - 501
D6: COLEÇÃO PREPARA BRASIL
D9: ANÁLISE DE DESEMPENHO - SIMULADO 4
D12: Unidade de Ensino: 1. EMEB BENTO ELOI GARCIA
A16: 5º ANO - 501
A18: NÚMERO DE ALUNOS MATRICULADOS: | C18: =COUNTA(B30:B69) -> 29
A19: NÚMERO DE PRESENTES | C19: =SUMPRODUCT(LEN(D30:D69) - LEN(SUBSTITUTE(SUBSTITUTE(SUBSTITUTE(SUBSTITUTE(SUBSTITUTE(D30:D69,"A",""),"B",""),"C",""),"D",""),"X",""))) -> 28
A20: NÚMERO DE ALUNOS AUSENTES | C20: =COUNTIF(D30:D69,"F") -> 1
A21: NÚMERO DE ACD | C21: =COUNTIF(C30:C69,"SIM") -> 1
A23: GUIA DE CORREÇÃO - PRODUÇÃO TEXTUAL
D25: DESEMPENHO POR ITEM | BD25: NÍVEL DE PROFICIÊNCIA
A26: Nº | B26: Nome | C26: ALUNO COM DEFICIÊNCIA | D26: LINGUAGENS | Y26: MATEMÁTICA | AV26: PRODUÇÃO TEXTUAL | BD26: LINGUAGENS | BG26: MATEMÁTICA
D27: Questão 01 | E27: Questão 02 | F27: Questão 03 | G27: Questão 04 | H27: Questão 05 | I27: Questão 06 | J27: Questão 07 | K27: Questão 08 | L27: Questão 09 | M27: Questão 10 | N27: Questão 11 | O27: Questão 12 | P27: Questão 13 | Q27: Questão 14 | R27: Questão 15 | S27: Questão 16 | T27: Questão 17 | U27: Questão 18 | V27: Questão 19 | W27: Questão 20 | X27: Questão 21 | Y27: Questão 01 | Z27: Questão 02 | AA27: Questão 03 | AB27: Questão 04 | AC27: Questão 05 | AD27: Questão 06 | AE27: Questão 07 | AF27: Questão 08 | AG27: Questão 09 | AH27: Questão 10 | AI27: Questão 11 | AJ27: Questão 12 | AK27: Questão 13 | AL27: Questão 14 | AM27: Questão 15 | AN27: Questão 16 | AO27: Questão 17 | AP27: Questão 18 | AQ27: Questão 19 | AR27: Questão 20 | AS27: Questão 21 | AT27: Questão 22 | AV27: Situação | AW27: Adequação ao Gênero e ao Tema | AX27: Coerência e Coesão | AY27: Estrutura e Organização | AZ27: Ortografia e Pontuação | BA27: PONTUAÇÃO FINAL | BB27: PADRÃO DE DESEMPENHO | BD27: TCT | BE27: TRI | BF27: ESCALA DE PROFICIÊNCIA | BG27: TCT | BH27: TRI | BI27: ESCALA DE PROFICIÊNCIA
D28: 18 | E28: 9 | F28: 0 | G28: 36 | H28: 36 | I28: 36 | J28: 18 | K28: 18 | L28: 36 | M28: 36 | N28: 36 | O28: 36 | P28: 36 | Q28: 9 | R28: 18 | S28: 36 | T28: 36 | U28: 9 | V28: 0 | W28: 36 | X28: 0 | Y28: 25 | Z28: 25 | AA28: 25 | AB28: 25 | AC28: 16 | AD28: 25 | AE28: 8 | AF28: 25 | AG28: 25 | AH28: 16 | AI28: 25 | AJ28: 25 | AK28: 25 | AL28: 25 | AM28: 25 | AN28: 25 | AO28: 16 | AP28: 25 | AQ28: 25 | AR28: 25 | AS28: 25 | AT28: 25
D29: C | E29: C | F29: C | G29: B | H29: B | I29: D | J29: B | K29: B | L29: A | M29: B | N29: C | O29: C | P29: A | Q29: B | R29: D | S29: A | T29: A | U29: A | V29: C | W29: D | X29: B | Y29: A | Z29: D | AA29: C | AB29: D | AC29: C | AD29: C | AE29: B | AF29: A | AG29: D | AH29: A | AI29: C | AJ29: B | AK29: D | AL29: B | AM29: C | AN29: A | AO29: B | AP29: D | AQ29: A | AR29: C | AS29: C | AT29: B
A30: 1 | B30: ALICE DE OLIVEIRA SCHAUN | C30: NÃO | D30: C | E30: B | F30: C | G30: B | H30: A | I30: D | J30: A | K30: B | L30: B | M30: C | N30: C | O30: D | P30: A | Q30: B | R30: C | S30: A | T30: A | U30: A | V30: B | W30: C | X30: B | Y30: A | Z30: D | AA30: B | AB30: D | AC30: C | AD30: C | AE30: A | AF30: A | AG30: A | AH30: A | AI30: D | AJ30: B | AK30: D | AL30: B | AM30: C | AN30: A | AO30: B | AP30: C | AQ30: A | AR30: D | AS30: C | AT30: C | AV30: A | AW30: 3 | AX30: 2 | AY30: 2 | AZ30: 2 | BA30: =(100/16)*((SUM(AW30:AZ30))) -> 56.25 | BB30: =IF((SUM(BA30))<=25, "Abaixo do Básico", IF((SUM(BA30))<=50, "Básico", IF((SUM(BA30))<=75, "Adequado", "Avançado"))) -> Adequado | BD30: =SUMPRODUCT(--(D30:X30=D$29:X$29)) -> 12 | BE30: =SUMPRODUCT((D30:X30=D$29:X$29)*D$28:X$28) -> 270 | BF30: =IF((SUM(BE30))<=125, "Abaixo do Básico", IF((SUM(BE30))<=250, "Básico", IF((SUM(BE30))<=375, "Adequado", "Avançado"))) -> Adequado | BG30: =SUMPRODUCT(--(Y30:AT30=Y$29:AT$29)) -> 15 | BH30: =SUMPRODUCT((Y30:AT30=Y$29:AT$29)*Y$28:AT$28) -> 348 | BI30: =IF((SUM(BH30))<=125, "Abaixo do Básico", IF((SUM(BH30))<=250, "Básico", IF((SUM(BH30))<=375, "Adequado", "Avançado"))) -> Adequado
A31: 2 | B31: BERNARDO BIANCHINI ALBERTON | C31: NÃO | D31: C | E31: C | F31: C | G31: B | H31: B | I31: D | J31: B | K31: D | L31: A | M31: C | N31: C | O31: D | P31: A | Q31: B | R31: A | S31: A | T31: A | U31: A | V31: C | W31: D | X31: B | Y31: C | Z31: C | AA31: C | AB31: B | AC31: B | AD31: D | AE31: B | AF31: D | AG31: A | AH31: C | AI31: C | AJ31: D | AK31: A | AL31: B | AM31: A | AN31: A | AO31: A | AP31: A | AQ31: C | AR31: D | AS31: B | AT31: F | AV31: C | AW31: X | AX31: X | AY31: X | AZ31: X | BA31: =(100/16)*((SUM(AW31:AZ31))) -> 0 | BB31: =IF((SUM(BA31))<=25, "Abaixo do Básico", IF((SUM(BA31))<=50, "Básico", IF((SUM(BA31))<=75, "Adequado", "Avançado"))) -> Abaixo do Básico | BD31: =SUMPRODUCT(--(D31:X31=D$29:X$29)) -> 17 | BE31: =SUMPRODUCT((D31:X31=D$29:X$29)*D$28:X$28) -> 387 | BF31: =IF((SUM(BE31))<=125, "Abaixo do Básico", IF((SUM(BE31))<=250, "Básico", IF((SUM(BE31))<=375, "Adequado", "Avançado"))) -> Avançado | BG31: =SUMPRODUCT(--(Y31:AT31=Y$29:AT$29)) -> 5 | BH31: =SUMPRODUCT((Y31:AT31=Y$29:AT$29)*Y$28:AT$28) -> 108 | BI31: =IF((SUM(BH31))<=125, "Abaixo do Básico", IF((SUM(BH31))<=250, "Básico", IF((SUM(BH31))<=375, "Adequado", "Avançado"))) -> Abaixo do Básico
A32: 3 | B32: BERNARDO XAVIER OLIVEIRA DA SILVA | C32: NÃO | D32: B | E32: B | F32: C | G32: B | H32: B | I32: D | J32: B | K32: B | L32: A | M32: C | N32: C | O32: A | P32: B | Q32: B | R32: B | S32: A | T32: A | U32: A | V32: C | W32: D | X32: B | Y32: A | Z32: D | AA32: B | AB32: D | AC32: C | AD32: D | AE32: B | AF32: A | AG32: D | AH32: A | AI32: C | AJ32: B | AK32: D | AL32: B | AM32: C | AN32: D | AO32: B | AP32: C | AQ32: A | AR32: C | AS32: C | AT32: B | AV32: B | AW32: X | AX32: X | AY32: X | AZ32: X | BA32: =(100/16)*((SUM(AW32:AZ32))) -> 0 | BB32: =IF((SUM(BA32))<=25, "Abaixo do Básico", IF((SUM(BA32))<=50, "Básico", IF((SUM(BA32))<=75, "Adequado", "Avançado"))) -> Abaixo do Básico | BD32: =SUMPRODUCT(--(D32:X32=D$29:X$29)) -> 15 | BE32: =SUMPRODUCT((D32:X32=D$29:X$29)*D$28:X$28) -> 342 | BF32: =IF((SUM(BE32))<=125, "Abaixo do Básico", IF((SUM(BE32))<=250, "Básico", IF((SUM(BE32))<=375, "Adequado", "Avançado"))) -> Adequado | BG32: =SUMPRODUCT(--(Y32:AT32=Y$29:AT$29)) -> 18 | BH32: =SUMPRODUCT((Y32:AT32=Y$29:AT$29)*Y$28:AT$28) -> 406 | BI32: =IF((SUM(BH32))<=125, "Abaixo do Básico", IF((SUM(BH32))<=250, "Básico", IF((SUM(BH32))<=375, "Adequado", "Avançado"))) -> Avançado
A33: 4 | B33: BETINA ALVES MARTINS | C33: NÃO | D33: B | E33: C | F33: C | G33: B | H33: B | I33: C | J33: C | K33: B | L33: D | M33: A | N33: C | O33: D | P33: C | Q33: B | R33: B | S33: A | T33: A | U33: A | V33: C | W33: C | X33: B | Y33: A | Z33: D | AA33: B | AB33: D | AC33: C | AD33: C | AE33: B | AF33: A | AG33: D | AH33: A | AI33: D | AJ33: B | AK33: D | AL33: B | AM33: A | AN33: A | AO33: B | AP33: C | AQ33: D | AR33: C | AS33: C | AT33: A | AV33: A | AW33: 3 | AX33: 2 | AY33: 2 | AZ33: 2 | BA33: =(100/16)*((SUM(AW33:AZ33))) -> 56.25 | BB33: =IF((SUM(BA33))<=25, "Abaixo do Básico", IF((SUM(BA33))<=50, "Básico", IF((SUM(BA33))<=75, "Adequado", "Avançado"))) -> Adequado | BD33: =SUMPRODUCT(--(D33:X33=D$29:X$29)) -> 12 | BE33: =SUMPRODUCT((D33:X33=D$29:X$29)*D$28:X$28) -> 225 | BF33: =IF((SUM(BE33))<=125, "Abaixo do Básico", IF((SUM(BE33))<=250, "Básico", IF((SUM(BE33))<=375, "Adequado", "Avançado"))) -> Básico | BG33: =SUMPRODUCT(--(Y33:AT33=Y$29:AT$29)) -> 16 | BH33: =SUMPRODUCT((Y33:AT33=Y$29:AT$29)*Y$28:AT$28) -> 356 | BI33: =IF((SUM(BH33))<=125, "Abaixo do Básico", IF((SUM(BH33))<=250, "Básico", IF((SUM(BH33))<=375, "Adequado", "Avançado"))) -> Adequado
A34: 5 | B34: BRUNO DE CAMPOS GONZAGA | C34: NÃO | D34: D | E34: A | F34: A | G34: B | H34: B | I34: D | J34: D | K34: B | L34: A | M34: D | N34: C | O34: D | P34: A | Q34: B | R34: B | S34: C | T34: A | U34: A | V34: C | W34: D | X34: D | Y34: A | Z34: D | AA34: B | AB34: D | AC34: C | AD34: A | AE34: B | AF34: A | AG34: C | AH34: A | AI34: C | AJ34: B | AK34: D | AL34: B | AM34: C | AN34: C | AO34: B | AP34: C | AQ34: A | AR34: C | AS34: C | AT34: B | AV34: A | AW34: 3 | AX34: 3 | AY34: 3 | AZ34: 3 | BA34: =(100/16)*((SUM(AW34:AZ34))) -> 75 | BB34: =IF((SUM(BA34))<=25, "Abaixo do Básico", IF((SUM(BA34))<=50, "Básico", IF((SUM(BA34))<=75, "Adequado", "Avançado"))) -> Adequado | BD34: =SUMPRODUCT(--(D34:X34=D$29:X$29)) -> 12 | BE34: =SUMPRODUCT((D34:X34=D$29:X$29)*D$28:X$28) -> 324 | BF34: =IF((SUM(BE34))<=125, "Abaixo do Básico", IF((SUM(BE34))<=250, "Básico", IF((SUM(BE34))<=375, "Adequado", "Avançado"))) -> Adequado | BG34: =SUMPRODUCT(--(Y34:AT34=Y$29:AT$29)) -> 17 | BH34: =SUMPRODUCT((Y34:AT34=Y$29:AT$29)*Y$28:AT$28) -> 381 | BI34: =IF((SUM(BH34))<=125, "Abaixo do Básico", IF((SUM(BH34))<=250, "Básico", IF((SUM(BH34))<=375, "Adequado", "Avançado"))) -> Avançado
A35: 6 | B35: CRISTAL SOFIA ROYER ORTIGOZA | C35: NÃO | D35: B | E35: C | F35: D | G35: B | H35: A | I35: D | J35: B | K35: B | L35: A | M35: D | N35: C | O35: D | P35: A | Q35: B | R35: C | S35: C | T35: A | U35: A | V35: X | W35: C | X35: D | Y35: A | Z35: C | AA35: B | AB35: D | AC35: C | AD35: B | AE35: B | AF35: D | AG35: C | AH35: A | AI35: C | AJ35: B | AK35: D | AL35: B | AM35: C | AN35: A | AO35: B | AP35: C | AQ35: A | AR35: C | AS35: A | AT35: C | AV35: A | AW35: 3 | AX35: 3 | AY35: 3 | AZ35: 3 | BA35: =(100/16)*((SUM(AW35:AZ35))) -> 75 | BB35: =IF((SUM(BA35))<=25, "Abaixo do Básico", IF((SUM(BA35))<=50, "Básico", IF((SUM(BA35))<=75, "Adequado", "Avançado"))) -> Adequado | BD35: =SUMPRODUCT(--(D35:X35=D$29:X$29)) -> 11 | BE35: =SUMPRODUCT((D35:X35=D$29:X$29)*D$28:X$28) -> 279 | BF35: =IF((SUM(BE35))<=125, "Abaixo do Básico", IF((SUM(BE35))<=250, "Básico", IF((SUM(BE35))<=375, "Adequado", "Avançado"))) -> Adequado | BG35: =SUMPRODUCT(--(Y35:AT35=Y$29:AT$29)) -> 14 | BH35: =SUMPRODUCT((Y35:AT35=Y$29:AT$29)*Y$28:AT$28) -> 306 | BI35: =IF((SUM(BH35))<=125, "Abaixo do Básico", IF((SUM(BH35))<=250, "Básico", IF((SUM(BH35))<=375, "Adequado", "Avançado"))) -> Adequado
A36: 7 | B36: DANIEL MURILO CORSO | C36: NÃO | D36: D | E36: C | F36: C | G36: B | H36: D | I36: A | J36: D | K36: B | L36: C | M36: C | N36: C | O36: A | P36: B | Q36: B | R36: C | S36: A | T36: A | U36: B | V36: C | W36: D | X36: B | Y36: A | Z36: D | AA36: B | AB36: D | AC36: C | AD36: B | AE36: B | AF36: A | AG36: B | AH36: A | AI36: C | AJ36: B | AK36: B | AL36: C | AM36: A | AN36: B | AO36: A | AP36: B | AQ36: C | AR36: D | AS36: C | AT36: C | AV36: A | AW36: 3 | AX36: 3 | AY36: 3 | AZ36: 3 | BA36: =(100/16)*((SUM(AW36:AZ36))) -> 75 | BB36: =IF((SUM(BA36))<=25, "Abaixo do Básico", IF((SUM(BA36))<=50, "Básico", IF((SUM(BA36))<=75, "Adequado", "Avançado"))) -> Adequado | BD36: =SUMPRODUCT(--(D36:X36=D$29:X$29)) -> 11 | BE36: =SUMPRODUCT((D36:X36=D$29:X$29)*D$28:X$28) -> 216 | BF36: =IF((SUM(BE36))<=125, "Abaixo do Básico", IF((SUM(BE36))<=250, "Básico", IF((SUM(BE36))<=375, "Adequado", "Avançado"))) -> Básico | BG36: =SUMPRODUCT(--(Y36:AT36=Y$29:AT$29)) -> 10 | BH36: =SUMPRODUCT((Y36:AT36=Y$29:AT$29)*Y$28:AT$28) -> 215 | BI36: =IF((SUM(BH36))<=125, "Abaixo do Básico", IF((SUM(BH36))<=250, "Básico", IF((SUM(BH36))<=375, "Adequado", "Avançado"))) -> Básico
A37: 8 | B37: DAVI LUIZ AURELIANO DOS SANTOS | C37: NÃO | D37: F | E37: F | F37: F | G37: F | H37: F | I37: F | J37: F | K37: F | L37: F | M37: F | N37: F | O37: F | P37: F | Q37: F | R37: F | S37: F | T37: F | U37: F | V37: F | W37: F | X37: F | Y37: F | Z37: F | AA37: F | AB37: F | AC37: F | AD37: F | AE37: F | AF37: F | AG37: F | AH37: F | AI37: F | AJ37: F | AK37: F | AL37: F | AM37: F | AN37: F | AO37: F | AP37: F | AQ37: F | AR37: F | AS37: F | AT37: F | AV37: F | AW37: X | AX37: X | AY37: X | AZ37: X | BA37: =(100/16)*((SUM(AW37:AZ37))) -> 0 | BB37: =IF((SUM(BA37))<=25, "Abaixo do Básico", IF((SUM(BA37))<=50, "Básico", IF((SUM(BA37))<=75, "Adequado", "Avançado"))) -> Abaixo do Básico | BD37: =SUMPRODUCT(--(D37:X37=D$29:X$29)) -> 0 | BE37: =SUMPRODUCT((D37:X37=D$29:X$29)*D$28:X$28) -> 0 | BF37: =IF((SUM(BE37))<=125, "Abaixo do Básico", IF((SUM(BE37))<=250, "Básico", IF((SUM(BE37))<=375, "Adequado", "Avançado"))) -> Abaixo do Básico | BG37: =SUMPRODUCT(--(Y37:AT37=Y$29:AT$29)) -> 0 | BH37: =SUMPRODUCT((Y37:AT37=Y$29:AT$29)*Y$28:AT$28) -> 0 | BI37: =IF((SUM(BH37))<=125, "Abaixo do Básico", IF((SUM(BH37))<=250, "Básico", IF((SUM(BH37))<=375, "Adequado", "Avançado"))) -> Abaixo do Básico
A38: 9 | B38: DERMARYS DIOSAILYN MONTES DURAN | C38: NÃO | D38: D | E38: C | F38: D | G38: D | H38: A | I38: B | J38: B | K38: C | L38: A | M38: C | N38: B | O38: A | P38: A | Q38: A | R38: B | S38: A | T38: C | U38: A | V38: C | W38: D | X38: C | Y38: A | Z38: D | AA38: B | AB38: D | AC38: C | AD38: C | AE38: B | AF38: A | AG38: D | AH38: A | AI38: C | AJ38: B | AK38: D | AL38: B | AM38: C | AN38: A | AO38: B | AP38: C | AQ38: D | AR38: C | AS38: C | AT38: D | AV38: A | AW38: 3 | AX38: 3 | AY38: 3 | AZ38: 3 | BA38: =(100/16)*((SUM(AW38:AZ38))) -> 75 | BB38: =IF((SUM(BA38))<=25, "Abaixo do Básico", IF((SUM(BA38))<=50, "Básico", IF((SUM(BA38))<=75, "Adequado", "Avançado"))) -> Adequado | BD38: =SUMPRODUCT(--(D38:X38=D$29:X$29)) -> 8 | BE38: =SUMPRODUCT((D38:X38=D$29:X$29)*D$28:X$28) -> 180 | BF38: =IF((SUM(BE38))<=125, "Abaixo do Básico", IF((SUM(BE38))<=250, "Básico", IF((SUM(BE38))<=375, "Adequado", "Avançado"))) -> Básico | BG38: =SUMPRODUCT(--(Y38:AT38=Y$29:AT$29)) -> 18 | BH38: =SUMPRODUCT((Y38:AT38=Y$29:AT$29)*Y$28:AT$28) -> 406 | BI38: =IF((SUM(BH38))<=125, "Abaixo do Básico", IF((SUM(BH38))<=250, "Básico", IF((SUM(BH38))<=375, "Adequado", "Avançado"))) -> Avançado
A39: 10 | B39: ENZO MAZOTINE | C39: NÃO | D39: D | E39: B | F39: D | G39: C | H39: D | I39: D | J39: B | K39: B | L39: A | M39: B | N39: C | O39: D | P39: A | Q39: B | R39: C | S39: A | T39: A | U39: A | V39: B | W39: D | X39: D | Y39: A | Z39: D | AA39: B | AB39: D | AC39: D | AD39: C | AE39: B | AF39: B | AG39: B | AH39: A | AI39: C | AJ39: B | AK39: D | AL39: B | AM39: C | AN39: A | AO39: B | AP39: C | AQ39: D | AR39: C | AS39: C | AT39: B | AV39: A | AW39: 4 | AX39: 3 | AY39: 3 | AZ39: 3 | BA39: =(100/16)*((SUM(AW39:AZ39))) -> 81.25 | BB39: =IF((SUM(BA39))<=25, "Abaixo do Básico", IF((SUM(BA39))<=50, "Básico", IF((SUM(BA39))<=75, "Adequado", "Avançado"))) -> Avançado | BD39: =SUMPRODUCT(--(D39:X39=D$29:X$29)) -> 12 | BE39: =SUMPRODUCT((D39:X39=D$29:X$29)*D$28:X$28) -> 342 | BF39: =IF((SUM(BE39))<=125, "Abaixo do Básico", IF((SUM(BE39))<=250, "Básico", IF((SUM(BE39))<=375, "Adequado", "Avançado"))) -> Adequado | BG39: =SUMPRODUCT(--(Y39:AT39=Y$29:AT$29)) -> 16 | BH39: =SUMPRODUCT((Y39:AT39=Y$29:AT$29)*Y$28:AT$28) -> 365 | BI39: =IF((SUM(BH39))<=125, "Abaixo do Básico", IF((SUM(BH39))<=250, "Básico", IF((SUM(BH39))<=375, "Adequado", "Avançado"))) -> Adequado
A40: 11 | B40: HELOISA BOCORNI DE JESUS | C40: NÃO | D40: B | E40: B | F40: D | G40: B | H40: B | I40: D | J40: C | K40: B | L40: A | M40: C | N40: C | O40: D | P40: A | Q40: B | R40: C | S40: A | T40: A | U40: A | V40: D | W40: C | X40: B | Y40: A | Z40: D | AA40: B | AB40: D | AC40: C | AD40: C | AE40: B | AF40: A | AG40: C | AH40: D | AI40: C | AJ40: B | AK40: D | AL40: B | AM40: A | AN40: A | AO40: A | AP40: D | AQ40: A | AR40: C | AS40: C | AT40: A | AV40: A | AW40: 3 | AX40: 2 | AY40: 2 | AZ40: 2 | BA40: =(100/16)*((SUM(AW40:AZ40))) -> 56.25 | BB40: =IF((SUM(BA40))<=25, "Abaixo do Básico", IF((SUM(BA40))<=50, "Básico", IF((SUM(BA40))<=75, "Adequado", "Avançado"))) -> Adequado | BD40: =SUMPRODUCT(--(D40:X40=D$29:X$29)) -> 12 | BE40: =SUMPRODUCT((D40:X40=D$29:X$29)*D$28:X$28) -> 324 | BF40: =IF((SUM(BE40))<=125, "Abaixo do Básico", IF((SUM(BE40))<=250, "Básico", IF((SUM(BE40))<=375, "Adequado", "Avançado"))) -> Adequado | BG40: =SUMPRODUCT(--(Y40:AT40=Y$29:AT$29)) -> 16 | BH40: =SUMPRODUCT((Y40:AT40=Y$29:AT$29)*Y$28:AT$28) -> 374 | BI40: =IF((SUM(BH40))<=125, "Abaixo do Básico", IF((SUM(BH40))<=250, "Básico", IF((SUM(BH40))<=375, "Adequado", "Avançado"))) -> Adequado
A41: 12 | B41: HENZO LUIZ SYMCHAK MACHADO | C41: NÃO | D41: D | E41: B | F41: A | G41: B | H41: B | I41: A | J41: D | K41: D | L41: A | M41: D | N41: A | O41: D | P41: D | Q41: D | R41: A | S41: D | T41: D | U41: B | V41: C | W41: B | X41: D | Y41: A | Z41: A | AA41: B | AB41: D | AC41: C | AD41: C | AE41: D | AF41: A | AG41: C | AH41: D | AI41: B | AJ41: B | AK41: D | AL41: B | AM41: C | AN41: X | AO41: B | AP41: C | AQ41: D | AR41: C | AS41: C | AT41: B | AV41: A | AW41: 2 | AX41: 2 | AY41: 2 | AZ41: 2 | BA41: =(100/16)*((SUM(AW41:AZ41))) -> 50 | BB41: =IF((SUM(BA41))<=25, "Abaixo do Básico", IF((SUM(BA41))<=50, "Básico", IF((SUM(BA41))<=75, "Adequado", "Avançado"))) -> Básico | BD41: =SUMPRODUCT(--(D41:X41=D$29:X$29)) -> 4 | BE41: =SUMPRODUCT((D41:X41=D$29:X$29)*D$28:X$28) -> 108 | BF41: =IF((SUM(BE41))<=125, "Abaixo do Básico", IF((SUM(BE41))<=250, "Básico", IF((SUM(BE41))<=375, "Adequado", "Avançado"))) -> Abaixo do Básico | BG41: =SUMPRODUCT(--(Y41:AT41=Y$29:AT$29)) -> 13 | BH41: =SUMPRODUCT((Y41:AT41=Y$29:AT$29)*Y$28:AT$28) -> 307 | BI41: =IF((SUM(BH41))<=125, "Abaixo do Básico", IF((SUM(BH41))<=250, "Básico", IF((SUM(BH41))<=375, "Adequado", "Avançado"))) -> Adequado
A42: 13 | B42: IRIS BEATRIZ MARCELLO GONCALVES | C42: NÃO | D42: B | E42: B | F42: C | G42: B | H42: A | I42: D | J42: B | K42: B | L42: A | M42: D | N42: C | O42: B | P42: A | Q42: B | R42: B | S42: A | T42: C | U42: A | V42: C | W42: D | X42: B | Y42: A | Z42: D | AA42: B | AB42: D | AC42: D | AD42: C | AE42: B | AF42: A | AG42: D | AH42: A | AI42: C | AJ42: B | AK42: D | AL42: B | AM42: C | AN42: D | AO42: B | AP42: C | AQ42: D | AR42: C | AS42: C | AT42: B | AV42: C | AW42: X | AX42: X | AY42: X | AZ42: X | BA42: =(100/16)*((SUM(AW42:AZ42))) -> 0 | BB42: =IF((SUM(BA42))<=25, "Abaixo do Básico", IF((SUM(BA42))<=50, "Básico", IF((SUM(BA42))<=75, "Adequado", "Avançado"))) -> Abaixo do Básico | BD42: =SUMPRODUCT(--(D42:X42=D$29:X$29)) -> 14 | BE42: =SUMPRODUCT((D42:X42=D$29:X$29)*D$28:X$28) -> 306 | BF42: =IF((SUM(BE42))<=125, "Abaixo do Básico", IF((SUM(BE42))<=250, "Básico", IF((SUM(BE42))<=375, "Adequado", "Avançado"))) -> Adequado | BG42: =SUMPRODUCT(--(Y42:AT42=Y$29:AT$29)) -> 17 | BH42: =SUMPRODUCT((Y42:AT42=Y$29:AT$29)*Y$28:AT$28) -> 390 | BI42: =IF((SUM(BH42))<=125, "Abaixo do Básico", IF((SUM(BH42))<=250, "Básico", IF((SUM(BH42))<=375, "Adequado", "Avançado"))) -> Avançado
A43: 14 | B43: ISALELLY LIMA MARTINS | C43: NÃO | D43: C | E43: C | F43: D | G43: B | H43: D | I43: A | J43: B | K43: B | L43: A | M43: C | N43: C | O43: A | P43: A | Q43: B | R43: B | S43: B | T43: A | U43: A | V43: D | W43: D | X43: A | Y43: A | Z43: X | AA43: B | AB43: D | AC43: C | AD43: A | AE43: B | AF43: A | AG43: D | AH43: A | AI43: C | AJ43: X | AK43: X | AL43: X | AM43: C | AN43: A | AO43: B | AP43: C | AQ43: D | AR43: D | AS43: C | AT43: B | AV43: A | AW43: 4 | AX43: 3 | AY43: 3 | AZ43: 3 | BA43: =(100/16)*((SUM(AW43:AZ43))) -> 81.25 | BB43: =IF((SUM(BA43))<=25, "Abaixo do Básico", IF((SUM(BA43))<=50, "Básico", IF((SUM(BA43))<=75, "Adequado", "Avançado"))) -> Avançado | BD43: =SUMPRODUCT(--(D43:X43=D$29:X$29)) -> 12 | BE43: =SUMPRODUCT((D43:X43=D$29:X$29)*D$28:X$28) -> 297 | BF43: =IF((SUM(BE43))<=125, "Abaixo do Básico", IF((SUM(BE43))<=250, "Básico", IF((SUM(BE43))<=375, "Adequado", "Avançado"))) -> Adequado | BG43: =SUMPRODUCT(--(Y43:AT43=Y$29:AT$29)) -> 13 | BH43: =SUMPRODUCT((Y43:AT43=Y$29:AT$29)*Y$28:AT$28) -> 281 | BI43: =IF((SUM(BH43))<=125, "Abaixo do Básico", IF((SUM(BH43))<=250, "Básico", IF((SUM(BH43))<=375, "Adequado", "Avançado"))) -> Adequado
A44: 15 | B44: IZABELLA GALLEASSI BEVILAQUA | C44: NÃO | D44: C | E44: A | F44: B | G44: B | H44: D | I44: D | J44: B | K44: C | L44: A | M44: A | N44: C | O44: D | P44: A | Q44: B | R44: C | S44: A | T44: A | U44: D | V44: C | W44: D | X44: B | Y44: A | Z44: D | AA44: B | AB44: D | AC44: C | AD44: C | AE44: B | AF44: A | AG44: B | AH44: A | AI44: C | AJ44: B | AK44: D | AL44: C | AM44: A | AN44: B | AO44: B | AP44: C | AQ44: A | AR44: C | AS44: A | AT44: C | AV44: C | AW44: X | AX44: X | AY44: X | AZ44: X | BA44: =(100/16)*((SUM(AW44:AZ44))) -> 0 | BB44: =IF((SUM(BA44))<=25, "Abaixo do Básico", IF((SUM(BA44))<=50, "Básico", IF((SUM(BA44))<=75, "Adequado", "Avançado"))) -> Abaixo do Básico | BD44: =SUMPRODUCT(--(D44:X44=D$29:X$29)) -> 13 | BE44: =SUMPRODUCT((D44:X44=D$29:X$29)*D$28:X$28) -> 333 | BF44: =IF((SUM(BE44))<=125, "Abaixo do Básico", IF((SUM(BE44))<=250, "Básico", IF((SUM(BE44))<=375, "Adequado", "Avançado"))) -> Adequado | BG44: =SUMPRODUCT(--(Y44:AT44=Y$29:AT$29)) -> 14 | BH44: =SUMPRODUCT((Y44:AT44=Y$29:AT$29)*Y$28:AT$28) -> 306 | BI44: =IF((SUM(BH44))<=125, "Abaixo do Básico", IF((SUM(BH44))<=250, "Básico", IF((SUM(BH44))<=375, "Adequado", "Avançado"))) -> Adequado
A45: 16 | B45: JADSON NICOLAS ALMEIDA VALENTIM | C45: NÃO | D45: A | E45: C | F45: D | G45: D | H45: B | I45: D | J45: A | K45: C | L45: B | M45: A | N45: C | O45: D | P45: C | Q45: B | R45: B | S45: C | T45: C | U45: D | V45: B | W45: B | X45: C | Y45: A | Z45: D | AA45: B | AB45: D | AC45: C | AD45: C | AE45: A | AF45: A | AG45: D | AH45: A | AI45: C | AJ45: B | AK45: D | AL45: B | AM45: C | AN45: A | AO45: A | AP45: C | AQ45: D | AR45: D | AS45: C | AT45: B | AV45: A | AW45: 3 | AX45: 2 | AY45: 2 | AZ45: 2 | BA45: =(100/16)*((SUM(AW45:AZ45))) -> 56.25 | BB45: =IF((SUM(BA45))<=25, "Abaixo do Básico", IF((SUM(BA45))<=50, "Básico", IF((SUM(BA45))<=75, "Adequado", "Avançado"))) -> Adequado | BD45: =SUMPRODUCT(--(D45:X45=D$29:X$29)) -> 5 | BE45: =SUMPRODUCT((D45:X45=D$29:X$29)*D$28:X$28) -> 126 | BF45: =IF((SUM(BE45))<=125, "Abaixo do Básico", IF((SUM(BE45))<=250, "Básico", IF((SUM(BE45))<=375, "Adequado", "Avançado"))) -> Básico | BG45: =SUMPRODUCT(--(Y45:AT45=Y$29:AT$29)) -> 16 | BH45: =SUMPRODUCT((Y45:AT45=Y$29:AT$29)*Y$28:AT$28) -> 382 | BI45: =IF((SUM(BH45))<=125, "Abaixo do Básico", IF((SUM(BH45))<=250, "Básico", IF((SUM(BH45))<=375, "Adequado", "Avançado"))) -> Avançado
A46: 17 | B46: JHENIFFER MICKAELI MENDES DE ALBUQUERQUE | C46: NÃO | D46: C | E46: B | F46: D | G46: A | H46: B | I46: D | J46: A | K46: D | L46: A | M46: A | N46: C | O46: D | P46: D | Q46: B | R46: B | S46: A | T46: D | U46: A | V46: B | W46: B | X46: B | Y46: D | Z46: D | AA46: D | AB46: D | AC46: C | AD46: C | AE46: B | AF46: A | AG46: D | AH46: A | AI46: C | AJ46: B | AK46: D | AL46: B | AM46: A | AN46: A | AO46: B | AP46: C | AQ46: D | AR46: C | AS46: B | AT46: C | AV46: A | AW46: 3 | AX46: 3 | AY46: 3 | AZ46: 3 | BA46: =(100/16)*((SUM(AW46:AZ46))) -> 75 | BB46: =IF((SUM(BA46))<=25, "Abaixo do Básico", IF((SUM(BA46))<=50, "Básico", IF((SUM(BA46))<=75, "Adequado", "Avançado"))) -> Adequado | BD46: =SUMPRODUCT(--(D46:X46=D$29:X$29)) -> 9 | BE46: =SUMPRODUCT((D46:X46=D$29:X$29)*D$28:X$28) -> 216 | BF46: =IF((SUM(BE46))<=125, "Abaixo do Básico", IF((SUM(BE46))<=250, "Básico", IF((SUM(BE46))<=375, "Adequado", "Avançado"))) -> Básico | BG46: =SUMPRODUCT(--(Y46:AT46=Y$29:AT$29)) -> 15 | BH46: =SUMPRODUCT((Y46:AT46=Y$29:AT$29)*Y$28:AT$28) -> 331 | BI46: =IF((SUM(BH46))<=125, "Abaixo do Básico", IF((SUM(BH46))<=250, "Básico", IF((SUM(BH46))<=375, "Adequado", "Avançado"))) -> Adequado
A47: 18 | B47: JORGE D ALESSANDRO DE OLIVEIRA VILLA REAL | C47: NÃO | D47: B | E47: B | F47: C | G47: B | H47: B | I47: B | J47: B | K47: D | L47: B | M47: C | N47: C | O47: D | P47: A | Q47: B | R47: B | S47: A | T47: A | U47: A | V47: C | W47: D | X47: A | Y47: A | Z47: D | AA47: B | AB47: D | AC47: C | AD47: C | AE47: A | AF47: A | AG47: D | AH47: A | AI47: C | AJ47: B | AK47: D | AL47: B | AM47: C | AN47: A | AO47: B | AP47: C | AQ47: D | AR47: C | AS47: C | AT47: B | AV47: A | AW47: 3 | AX47: 1 | AY47: 1 | AZ47: 1 | BA47: =(100/16)*((SUM(AW47:AZ47))) -> 37.5 | BB47: =IF((SUM(BA47))<=25, "Abaixo do Básico", IF((SUM(BA47))<=50, "Básico", IF((SUM(BA47))<=75, "Adequado", "Avançado"))) -> Básico | BD47: =SUMPRODUCT(--(D47:X47=D$29:X$29)) -> 12 | BE47: =SUMPRODUCT((D47:X47=D$29:X$29)*D$28:X$28) -> 288 | BF47: =IF((SUM(BE47))<=125, "Abaixo do Básico", IF((SUM(BE47))<=250, "Básico", IF((SUM(BE47))<=375, "Adequado", "Avançado"))) -> Adequado | BG47: =SUMPRODUCT(--(Y47:AT47=Y$29:AT$29)) -> 18 | BH47: =SUMPRODUCT((Y47:AT47=Y$29:AT$29)*Y$28:AT$28) -> 423 | BI47: =IF((SUM(BH47))<=125, "Abaixo do Básico", IF((SUM(BH47))<=250, "Básico", IF((SUM(BH47))<=375, "Adequado", "Avançado"))) -> Avançado
A48: 19 | B48: JOSE ANGEL BENAVIDES LIENDO | C48: NÃO | D48: A | E48: C | F48: D | G48: B | H48: A | I48: D | J48: C | K48: D | L48: B | M48: D | N48: C | O48: C | P48: C | Q48: B | R48: C | S48: C | T48: D | U48: B | V48: B | W48: D | X48: D | Y48: A | Z48: D | AA48: B | AB48: D | AC48: C | AD48: C | AE48: A | AF48: A | AG48: D | AH48: A | AI48: C | AJ48: B | AK48: D | AL48: A | AM48: C | AN48: A | AO48: B | AP48: C | AQ48: D | AR48: C | AS48: C | AT48: B | AV48: A | AW48: 3 | AX48: 3 | AY48: 3 | AZ48: 3 | BA48: =(100/16)*((SUM(AW48:AZ48))) -> 75 | BB48: =IF((SUM(BA48))<=25, "Abaixo do Básico", IF((SUM(BA48))<=50, "Básico", IF((SUM(BA48))<=75, "Adequado", "Avançado"))) -> Adequado | BD48: =SUMPRODUCT(--(D48:X48=D$29:X$29)) -> 7 | BE48: =SUMPRODUCT((D48:X48=D$29:X$29)*D$28:X$28) -> 198 | BF48: =IF((SUM(BE48))<=125, "Abaixo do Básico", IF((SUM(BE48))<=250, "Básico", IF((SUM(BE48))<=375, "Adequado", "Avançado"))) -> Básico | BG48: =SUMPRODUCT(--(Y48:AT48=Y$29:AT$29)) -> 17 | BH48: =SUMPRODUCT((Y48:AT48=Y$29:AT$29)*Y$28:AT$28) -> 398 | BI48: =IF((SUM(BH48))<=125, "Abaixo do Básico", IF((SUM(BH48))<=250, "Básico", IF((SUM(BH48))<=375, "Adequado", "Avançado"))) -> Avançado
A49: 20 | B49: JOSUE SERPA BOZZ | C49: NÃO | D49: B | E49: C | F49: D | G49: A | H49: B | I49: A | J49: D | K49: B | L49: B | M49: A | N49: C | O49: A | P49: A | Q49: B | R49: C | S49: C | T49: A | U49: A | V49: C | W49: B | X49: B | Y49: A | Z49: D | AA49: B | AB49: D | AC49: B | AD49: C | AE49: B | AF49: A | AG49: C | AH49: A | AI49: C | AJ49: B | AK49: D | AL49: B | AM49: C | AN49: A | AO49: B | AP49: C | AQ49: B | AR49: C | AS49: B | AT49: B | AV49: A | AW49: 3 | AX49: 3 | AY49: 3 | AZ49: 3 | BA49: =(100/16)*((SUM(AW49:AZ49))) -> 75 | BB49: =IF((SUM(BA49))<=25, "Abaixo do Básico", IF((SUM(BA49))<=50, "Básico", IF((SUM(BA49))<=75, "Adequado", "Avançado"))) -> Adequado | BD49: =SUMPRODUCT(--(D49:X49=D$29:X$29)) -> 10 | BE49: =SUMPRODUCT((D49:X49=D$29:X$29)*D$28:X$28) -> 189 | BF49: =IF((SUM(BE49))<=125, "Abaixo do Básico", IF((SUM(BE49))<=250, "Básico", IF((SUM(BE49))<=375, "Adequado", "Avançado"))) -> Básico | BG49: =SUMPRODUCT(--(Y49:AT49=Y$29:AT$29)) -> 16 | BH49: =SUMPRODUCT((Y49:AT49=Y$29:AT$29)*Y$28:AT$28) -> 365 | BI49: =IF((SUM(BH49))<=125, "Abaixo do Básico", IF((SUM(BH49))<=250, "Básico", IF((SUM(BH49))<=375, "Adequado", "Avançado"))) -> Adequado
A50: 21 | B50: JUAN CARLOS FIORAVANTE PINTO | C50: NÃO | D50: D | E50: C | F50: C | G50: B | H50: A | I50: D | J50: B | K50: B | L50: B | M50: C | N50: C | O50: D | P50: C | Q50: B | R50: D | S50: B | T50: A | U50: A | V50: C | W50: D | X50: B | Y50: A | Z50: D | AA50: B | AB50: D | AC50: C | AD50: C | AE50: B | AF50: A | AG50: D | AH50: A | AI50: C | AJ50: B | AK50: D | AL50: B | AM50: C | AN50: A | AO50: B | AP50: C | AQ50: A | AR50: B | AS50: A | AT50: B | AV50: A | AW50: 2 | AX50: 2 | AY50: 2 | AZ50: 2 | BA50: =(100/16)*((SUM(AW50:AZ50))) -> 50 | BB50: =IF((SUM(BA50))<=25, "Abaixo do Básico", IF((SUM(BA50))<=50, "Básico", IF((SUM(BA50))<=75, "Adequado", "Avançado"))) -> Básico | BD50: =SUMPRODUCT(--(D50:X50=D$29:X$29)) -> 14 | BE50: =SUMPRODUCT((D50:X50=D$29:X$29)*D$28:X$28) -> 261 | BF50: =IF((SUM(BE50))<=125, "Abaixo do Básico", IF((SUM(BE50))<=250, "Básico", IF((SUM(BE50))<=375, "Adequado", "Avançado"))) -> Adequado | BG50: =SUMPRODUCT(--(Y50:AT50=Y$29:AT$29)) -> 18 | BH50: =SUMPRODUCT((Y50:AT50=Y$29:AT$29)*Y$28:AT$28) -> 406 | BI50: =IF((SUM(BH50))<=125, "Abaixo do Básico", IF((SUM(BH50))<=250, "Básico", IF((SUM(BH50))<=375, "Adequado", "Avançado"))) -> Avançado
A51: 22 | B51: KATHERINE NOAL DA SILVA | C51: NÃO | D51: B | E51: B | F51: C | G51: A | H51: A | I51: D | J51: C | K51: C | L51: B | M51: C | N51: C | O51: A | P51: D | Q51: B | R51: B | S51: A | T51: A | U51: B | V51: C | W51: D | X51: B | Y51: A | Z51: D | AA51: B | AB51: D | AC51: C | AD51: C | AE51: B | AF51: A | AG51: B | AH51: A | AI51: C | AJ51: B | AK51: D | AL51: B | AM51: C | AN51: B | AO51: B | AP51: C | AQ51: C | AR51: C | AS51: B | AT51: A | AV51: A | AW51: 3 | AX51: 3 | AY51: 3 | AZ51: 3 | BA51: =(100/16)*((SUM(AW51:AZ51))) -> 75 | BB51: =IF((SUM(BA51))<=25, "Abaixo do Básico", IF((SUM(BA51))<=50, "Básico", IF((SUM(BA51))<=75, "Adequado", "Avançado"))) -> Adequado | BD51: =SUMPRODUCT(--(D51:X51=D$29:X$29)) -> 9 | BE51: =SUMPRODUCT((D51:X51=D$29:X$29)*D$28:X$28) -> 189 | BF51: =IF((SUM(BE51))<=125, "Abaixo do Básico", IF((SUM(BE51))<=250, "Básico", IF((SUM(BE51))<=375, "Adequado", "Avançado"))) -> Básico | BG51: =SUMPRODUCT(--(Y51:AT51=Y$29:AT$29)) -> 15 | BH51: =SUMPRODUCT((Y51:AT51=Y$29:AT$29)*Y$28:AT$28) -> 331 | BI51: =IF((SUM(BH51))<=125, "Abaixo do Básico", IF((SUM(BH51))<=250, "Básico", IF((SUM(BH51))<=375, "Adequado", "Avançado"))) -> Adequado
A52: 23 | B52: LARISSA MANOELA DOS PASSOS | C52: NÃO | D52: D | E52: B | F52: C | G52: B | H52: B | I52: D | J52: B | K52: B | L52: A | M52: C | N52: C | O52: A | P52: A | Q52: B | R52: C | S52: A | T52: A | U52: A | V52: C | W52: D | X52: B | Y52: A | Z52: D | AA52: B | AB52: D | AC52: C | AD52: C | AE52: B | AF52: A | AG52: D | AH52: A | AI52: C | AJ52: B | AK52: C | AL52: B | AM52: C | AN52: D | AO52: B | AP52: C | AQ52: C | AR52: C | AS52: C | AT52: B | AV52: A | AW52: 4 | AX52: 3 | AY52: 3 | AZ52: 3 | BA52: =(100/16)*((SUM(AW52:AZ52))) -> 81.25 | BB52: =IF((SUM(BA52))<=25, "Abaixo do Básico", IF((SUM(BA52))<=50, "Básico", IF((SUM(BA52))<=75, "Adequado", "Avançado"))) -> Avançado | BD52: =SUMPRODUCT(--(D52:X52=D$29:X$29)) -> 16 | BE52: =SUMPRODUCT((D52:X52=D$29:X$29)*D$28:X$28) -> 378 | BF52: =IF((SUM(BE52))<=125, "Abaixo do Básico", IF((SUM(BE52))<=250, "Básico", IF((SUM(BE52))<=375, "Adequado", "Avançado"))) -> Avançado | BG52: =SUMPRODUCT(--(Y52:AT52=Y$29:AT$29)) -> 17 | BH52: =SUMPRODUCT((Y52:AT52=Y$29:AT$29)*Y$28:AT$28) -> 381 | BI52: =IF((SUM(BH52))<=125, "Abaixo do Básico", IF((SUM(BH52))<=250, "Básico", IF((SUM(BH52))<=375, "Adequado", "Avançado"))) -> Avançado
A53: 24 | B53: LUANE DA SILVA FERREIRA | C53: NÃO | D53: D | E53: B | F53: C | G53: B | H53: B | I53: C | J53: B | K53: B | L53: A | M53: C | N53: C | O53: D | P53: C | Q53: B | R53: B | S53: A | T53: A | U53: A | V53: C | W53: D | X53: C | Y53: A | Z53: D | AA53: C | AB53: D | AC53: A | AD53: A | AE53: D | AF53: B | AG53: B | AH53: B | AI53: C | AJ53: B | AK53: D | AL53: B | AM53: C | AN53: C | AO53: B | AP53: C | AQ53: C | AR53: B | AS53: C | AT53: A | AV53: A | AW53: 2 | AX53: 2 | AY53: 2 | AZ53: 2 | BA53: =(100/16)*((SUM(AW53:AZ53))) -> 50 | BB53: =IF((SUM(BA53))<=25, "Abaixo do Básico", IF((SUM(BA53))<=50, "Básico", IF((SUM(BA53))<=75, "Adequado", "Avançado"))) -> Básico | BD53: =SUMPRODUCT(--(D53:X53=D$29:X$29)) -> 13 | BE53: =SUMPRODUCT((D53:X53=D$29:X$29)*D$28:X$28) -> 306 | BF53: =IF((SUM(BE53))<=125, "Abaixo do Básico", IF((SUM(BE53))<=250, "Básico", IF((SUM(BE53))<=375, "Adequado", "Avançado"))) -> Adequado | BG53: =SUMPRODUCT(--(Y53:AT53=Y$29:AT$29)) -> 11 | BH53: =SUMPRODUCT((Y53:AT53=Y$29:AT$29)*Y$28:AT$28) -> 266 | BI53: =IF((SUM(BH53))<=125, "Abaixo do Básico", IF((SUM(BH53))<=250, "Básico", IF((SUM(BH53))<=375, "Adequado", "Avançado"))) -> Adequado
A54: 25 | B54: MATHEUS FELIPE BAADER | C54: NÃO | D54: C | E54: B | F54: C | G54: B | H54: D | I54: B | J54: A | K54: B | L54: A | M54: B | N54: C | O54: D | P54: A | Q54: B | R54: C | S54: C | T54: D | U54: C | V54: C | W54: D | X54: C | Y54: A | Z54: D | AA54: C | AB54: D | AC54: C | AD54: C | AE54: D | AF54: A | AG54: D | AH54: A | AI54: C | AJ54: B | AK54: D | AL54: B | AM54: C | AN54: A | AO54: A | AP54: C | AQ54: A | AR54: B | AS54: C | AT54: B | AV54: C | AW54: X | AX54: X | AY54: X | AZ54: X | BA54: =(100/16)*((SUM(AW54:AZ54))) -> 0 | BB54: =IF((SUM(BA54))<=25, "Abaixo do Básico", IF((SUM(BA54))<=50, "Básico", IF((SUM(BA54))<=75, "Adequado", "Avançado"))) -> Abaixo do Básico | BD54: =SUMPRODUCT(--(D54:X54=D$29:X$29)) -> 11 | BE54: =SUMPRODUCT((D54:X54=D$29:X$29)*D$28:X$28) -> 261 | BF54: =IF((SUM(BE54))<=125, "Abaixo do Básico", IF((SUM(BE54))<=250, "Básico", IF((SUM(BE54))<=375, "Adequado", "Avançado"))) -> Adequado | BG54: =SUMPRODUCT(--(Y54:AT54=Y$29:AT$29)) -> 18 | BH54: =SUMPRODUCT((Y54:AT54=Y$29:AT$29)*Y$28:AT$28) -> 432 | BI54: =IF((SUM(BH54))<=125, "Abaixo do Básico", IF((SUM(BH54))<=250, "Básico", IF((SUM(BH54))<=375, "Adequado", "Avançado"))) -> Avançado
A55: 26 | B55: PEDRO HENRIQUE DA CONCEICAO LOPES | C55: NÃO | D55: B | E55: A | F55: C | G55: B | H55: B | I55: D | J55: B | K55: C | L55: A | M55: C | N55: C | O55: D | P55: A | Q55: B | R55: C | S55: C | T55: A | U55: B | V55: B | W55: D | X55: B | Y55: A | Z55: D | AA55: B | AB55: D | AC55: A | AD55: B | AE55: B | AF55: D | AG55: D | AH55: A | AI55: C | AJ55: B | AK55: C | AL55: D | AM55: X | AN55: X | AO55: X | AP55: X | AQ55: X | AR55: X | AS55: X | AT55: X | AV55: C | AW55: X | AX55: X | AY55: X | AZ55: X | BA55: =(100/16)*((SUM(AW55:AZ55))) -> 0 | BB55: =IF((SUM(BA55))<=25, "Abaixo do Básico", IF((SUM(BA55))<=50, "Básico", IF((SUM(BA55))<=75, "Adequado", "Avançado"))) -> Abaixo do Básico | BD55: =SUMPRODUCT(--(D55:X55=D$29:X$29)) -> 12 | BE55: =SUMPRODUCT((D55:X55=D$29:X$29)*D$28:X$28) -> 315 | BF55: =IF((SUM(BE55))<=125, "Abaixo do Básico", IF((SUM(BE55))<=250, "Básico", IF((SUM(BE55))<=375, "Adequado", "Avançado"))) -> Adequado | BG55: =SUMPRODUCT(--(Y55:AT55=Y$29:AT$29)) -> 8 | BH55: =SUMPRODUCT((Y55:AT55=Y$29:AT$29)*Y$28:AT$28) -> 174 | BI55: =IF((SUM(BH55))<=125, "Abaixo do Básico", IF((SUM(BH55))<=250, "Básico", IF((SUM(BH55))<=375, "Adequado", "Avançado"))) -> Básico
A56: 27 | B56: THALES GABRIEL THIBES DE CAMPOS RUSSI | C56: SIM | D56: D | E56: D | F56: C | G56: B | H56: A | I56: D | J56: A | K56: C | L56: B | M56: B | N56: C | O56: C | P56: B | Q56: C | R56: A | S56: C | T56: B | U56: A | V56: B | W56: C | X56: C | Y56: A | Z56: D | AA56: B | AB56: D | AC56: D | AD56: C | AE56: B | AF56: B | AG56: D | AH56: D | AI56: C | AJ56: B | AK56: B | AL56: B | AM56: C | AN56: A | AO56: C | AP56: C | AQ56: D | AR56: C | AS56: C | AT56: B | AV56: A | AW56: 2 | AX56: 2 | AY56: 2 | AZ56: 2 | BA56: =(100/16)*((SUM(AW56:AZ56))) -> 50 | BB56: =IF((SUM(BA56))<=25, "Abaixo do Básico", IF((SUM(BA56))<=50, "Básico", IF((SUM(BA56))<=75, "Adequado", "Avançado"))) -> Básico | BD56: =SUMPRODUCT(--(D56:X56=D$29:X$29)) -> 7 | BE56: =SUMPRODUCT((D56:X56=D$29:X$29)*D$28:X$28) -> 189 | BF56: =IF((SUM(BE56))<=125, "Abaixo do Básico", IF((SUM(BE56))<=250, "Básico", IF((SUM(BE56))<=375, "Adequado", "Avançado"))) -> Básico | BG56: =SUMPRODUCT(--(Y56:AT56=Y$29:AT$29)) -> 14 | BH56: =SUMPRODUCT((Y56:AT56=Y$29:AT$29)*Y$28:AT$28) -> 333 | BI56: =IF((SUM(BH56))<=125, "Abaixo do Básico", IF((SUM(BH56))<=250, "Básico", IF((SUM(BH56))<=375, "Adequado", "Avançado"))) -> Adequado
A57: 28 | B57: VALENTINA POLIANA WUST PEDROZO | C57: NÃO | D57: A | E57: B | F57: D | G57: B | H57: B | I57: A | J57: B | K57: D | L57: C | M57: A | N57: C | O57: D | P57: A | Q57: B | R57: B | S57: A | T57: A | U57: B | V57: C | W57: D | X57: D | Y57: A | Z57: D | AA57: B | AB57: B | AC57: C | AD57: C | AE57: B | AF57: C | AG57: D | AH57: C | AI57: C | AJ57: B | AK57: A | AL57: B | AM57: X | AN57: C | AO57: A | AP57: B | AQ57: C | AR57: D | AS57: D | AT57: B | AV57: A | AW57: 3 | AX57: 3 | AY57: 3 | AZ57: 3 | BA57: =(100/16)*((SUM(AW57:AZ57))) -> 75 | BB57: =IF((SUM(BA57))<=25, "Abaixo do Básico", IF((SUM(BA57))<=50, "Básico", IF((SUM(BA57))<=75, "Adequado", "Avançado"))) -> Adequado | BD57: =SUMPRODUCT(--(D57:X57=D$29:X$29)) -> 10 | BE57: =SUMPRODUCT((D57:X57=D$29:X$29)*D$28:X$28) -> 279 | BF57: =IF((SUM(BE57))<=125, "Abaixo do Básico", IF((SUM(BE57))<=250, "Básico", IF((SUM(BE57))<=375, "Adequado", "Avançado"))) -> Adequado | BG57: =SUMPRODUCT(--(Y57:AT57=Y$29:AT$29)) -> 10 | BH57: =SUMPRODUCT((Y57:AT57=Y$29:AT$29)*Y$28:AT$28) -> 224 | BI57: =IF((SUM(BH57))<=125, "Abaixo do Básico", IF((SUM(BH57))<=250, "Básico", IF((SUM(BH57))<=375, "Adequado", "Avançado"))) -> Básico
A58: 29 | B58: YASMIM ELOA FAQUETI DE OLIVEIRA | C58: NÃO | D58: B | E58: C | F58: C | G58: B | H58: A | I58: B | J58: B | K58: B | L58: A | M58: A | N58: C | O58: D | P58: A | Q58: B | R58: B | S58: C | T58: A | U58: A | V58: D | W58: D | X58: B | Y58: A | Z58: D | AA58: B | AB58: D | AC58: B | AD58: A | AE58: D | AF58: A | AG58: D | AH58: A | AI58: C | AJ58: B | AK58: D | AL58: B | AM58: C | AN58: B | AO58: B | AP58: C | AQ58: D | AR58: B | AS58: A | AT58: B | AV58: C | AW58: X | AX58: X | AY58: X | AZ58: X | BA58: =(100/16)*((SUM(AW58:AZ58))) -> 0 | BB58: =IF((SUM(BA58))<=25, "Abaixo do Básico", IF((SUM(BA58))<=50, "Básico", IF((SUM(BA58))<=75, "Adequado", "Avançado"))) -> Abaixo do Básico | BD58: =SUMPRODUCT(--(D58:X58=D$29:X$29)) -> 13 | BE58: =SUMPRODUCT((D58:X58=D$29:X$29)*D$28:X$28) -> 279 | BF58: =IF((SUM(BE58))<=125, "Abaixo do Básico", IF((SUM(BE58))<=250, "Básico", IF((SUM(BE58))<=375, "Adequado", "Avançado"))) -> Adequado | BG58: =SUMPRODUCT(--(Y58:AT58=Y$29:AT$29)) -> 13 | BH58: =SUMPRODUCT((Y58:AT58=Y$29:AT$29)*Y$28:AT$28) -> 307 | BI58: =IF((SUM(BH58))<=125, "Abaixo do Básico", IF((SUM(BH58))<=250, "Básico", IF((SUM(BH58))<=375, "Adequado", "Avançado"))) -> Adequado
A59: 30 | E59: =IF(D59="F","F","") | F59: =IF(E59="F","F","") | G59: =IF(F59="F","F","") | H59: =IF(G59="F","F","") | I59: =IF(H59="F","F","") | J59: =IF(I59="F","F","") | K59: =IF(J59="F","F","") | L59: =IF(K59="F","F","") | ... AT59: =IF(AS59="F","F","")
A60: 31 | E60: =IF(D60="F","F","") | F60: =IF(E60="F","F","") | G60: =IF(F60="F","F","") | H60: =IF(G60="F","F","") | I60: =IF(H60="F","F","") | J60: =IF(I60="F","F","") | K60: =IF(J60="F","F","") | L60: =IF(K60="F","F","") | ... AT60: =IF(AS60="F","F","")
A61: 32 | E61: =IF(D61="F","F","") | F61: =IF(E61="F","F","") | G61: =IF(F61="F","F","") | H61: =IF(G61="F","F","") | I61: =IF(H61="F","F","") | J61: =IF(I61="F","F","") | K61: =IF(J61="F","F","") | L61: =IF(K61="F","F","") | ... AT61: =IF(AS61="F","F","")
A62: 33 | E62: =IF(D62="F","F","") | F62: =IF(E62="F","F","") | G62: =IF(F62="F","F","") | H62: =IF(G62="F","F","") | I62: =IF(H62="F","F","") | J62: =IF(I62="F","F","") | K62: =IF(J62="F","F","") | L62: =IF(K62="F","F","") | ... AT62: =IF(AS62="F","F","")
A63: 34 | E63: =IF(D63="F","F","") | F63: =IF(E63="F","F","") | G63: =IF(F63="F","F","") | H63: =IF(G63="F","F","") | I63: =IF(H63="F","F","") | J63: =IF(I63="F","F","") | K63: =IF(J63="F","F","") | L63: =IF(K63="F","F","") | ... AT63: =IF(AS63="F","F","")
A64: 35 | E64: =IF(D64="F","F","") | F64: =IF(E64="F","F","") | G64: =IF(F64="F","F","") | H64: =IF(G64="F","F","") | I64: =IF(H64="F","F","") | J64: =IF(I64="F","F","") | K64: =IF(J64="F","F","") | L64: =IF(K64="F","F","") | ... AT64: =IF(AS64="F","F","")
A65: 36 | E65: =IF(D65="F","F","") | F65: =IF(E65="F","F","") | G65: =IF(F65="F","F","") | H65: =IF(G65="F","F","") | I65: =IF(H65="F","F","") | J65: =IF(I65="F","F","") | K65: =IF(J65="F","F","") | L65: =IF(K65="F","F","") | ... AT65: =IF(AS65="F","F","")
A66: 37 | E66: =IF(D66="F","F","") | F66: =IF(E66="F","F","") | G66: =IF(F66="F","F","") | H66: =IF(G66="F","F","") | I66: =IF(H66="F","F","") | J66: =IF(I66="F","F","") | K66: =IF(J66="F","F","") | L66: =IF(K66="F","F","") | ... AT66: =IF(AS66="F","F","")
A67: 38 | E67: =IF(D67="F","F","") | F67: =IF(E67="F","F","") | G67: =IF(F67="F","F","") | H67: =IF(G67="F","F","") | I67: =IF(H67="F","F","") | J67: =IF(I67="F","F","") | K67: =IF(J67="F","F","") | L67: =IF(K67="F","F","") | ... AT67: =IF(AS67="F","F","")
A68: 39 | E68: =IF(D68="F","F","") | F68: =IF(E68="F","F","") | G68: =IF(F68="F","F","") | H68: =IF(G68="F","F","") | I68: =IF(H68="F","F","") | J68: =IF(I68="F","F","") | K68: =IF(J68="F","F","") | L68: =IF(K68="F","F","") | ... AT68: =IF(AS68="F","F","")
A69: 40 | E69: =IF(D69="F","F","") | F69: =IF(E69="F","F","") | G69: =IF(F69="F","F","") | H69: =IF(G69="F","F","") | I69: =IF(H69="F","F","") | J69: =IF(I69="F","F","") | K69: =IF(J69="F","F","") | L69: =IF(K69="F","F","") | ... AT69: =IF(AS69="F","F","")
A70: DESEMPENHO POR QUESTÃO | D70: =COUNTIF(D30:D69,"D") -> 9 | E70: =COUNTIF(E30:E69,"C") -> 11 | F70: =COUNTIF(F30:F69,"D") -> 10 | G70: =COUNTIF(G30:G69,"A") -> 3 | H70: =COUNTIF(H30:H69,"B") -> 14 | I70: =COUNTIF(I30:I69,"A") -> 5 | J70: =COUNTIF(J30:J69,"C") -> 4 | K70: =COUNTIF(K30:K69,"D") -> 6 | L70: =COUNTIF(L30:L69,"D") -> 1 | M70: =COUNTIF(M30:M69,"C") -> 13 | N70: =COUNTIF(N30:N69,"B") -> 1 | O70: =COUNTIF(O30:O69,"C") -> 2 | P70: =COUNTIF(P30:P69,"B") -> 3 | Q70: =COUNTIF(Q30:Q69,"C") -> 1 | R70: =COUNTIF(R30:R69,"B") -> 13 | S70: =COUNTIF(S30:S69,"D") -> 1 | T70: =COUNTIF(T30:T69,"C") -> 3 | U70: =COUNTIF(U30:U69,"C") -> 1 | V70: =COUNTIF(V30:V69,"A") -> 0 | W70: =COUNTIF(W30:W69,"A") -> 0 | X70: =COUNTIF(X30:X69,"B") -> 15 | Y70: =COUNTIF(Y30:Y69,"C") -> 1 | Z70: =COUNTIF(Z30:Z69,"A") -> 1 | AA70: =COUNTIF(AA30:AA69,"B") -> 24 | AB70: =COUNTIF(AB30:AB69,"D") -> 26 | AC70: =COUNTIF(AC30:AC69,"A") -> 2 | AD70: =COUNTIF(AD30:AD69,"D") -> 2 | AE70: =COUNTIF(AE30:AE69,"B") -> 20 | AF70: =COUNTIF(AF30:AF69,"C") -> 1 | AG70: =COUNTIF(AG30:AG69,"A") -> 2 | AH70: =COUNTIF(AH30:AH69,"C") -> 2 | AI70: =COUNTIF(AI30:AI69,"B") -> 1 | AJ70: =COUNTIF(AJ30:AJ69,"C") -> 0 | AK70: =COUNTIF(AK30:AK69,"A") -> 2 | AL70: =COUNTIF(AL30:AL69,"D") -> 1 | AM70: =COUNTIF(AM30:AM69,"D") -> 0 | AN70: =COUNTIF(AN30:AN69,"C") -> 3 | AO70: =COUNTIF(AO30:AO69,"C") -> 1 | AP70: =COUNTIF(AP30:AP69,"A") -> 1 | AQ70: =COUNTIF(AQ30:AQ69,"D") -> 12 | AR70: =COUNTIF(AR30:AR69,"B") -> 4 | AS70: =COUNTIF(AS30:AS69,"D") -> 1 | AT70: =COUNTIF(AT30:AT69,"A") -> 4
D72: DESEMPENHO POR HABILIDADE | AK72: ANÁLISE DE DISTRATORES
D73: QUESTÃO | F73: Nº. A | G73: % | H73: HABILIDADE
AM74: Nº | AN74: A | AO74: Nº | AP74: B | AQ74: Nº | AR74: C | AS74: Nº | AT74: D
D75: LINGUAGENS | E75: 1 | F75: =D70 -> 9 | G75: =SUM(F75/C$18*100) -> 31.034483 | H75: Eixo do conhecimento: Análise linguística/semiótica. Eixo cognitivo: Reconhecer – Identificar os mecanismos de progressão textual. | AK75: LINGUAGENS | AL75: 1 | AM75: =COUNTIF(D30:D69,"A") -> 3 | AN75: =SUM(AM75/C18*100) -> 10.344828 | AO75: =COUNTIF(D30:D69,"B") -> 10 | AP75: =SUM(AO75/C18*100) -> 34.482759 | AQ75: =COUNTIF(D30:D69,"C") -> 6 | AR75: =SUM(AQ75/C18*100) -> 20.689655 | AS75: =COUNTIF(D30:D69,"D") -> 9 | AT75: =SUM(AS75/C18*100) -> 31.034483
E76: 2 | F76: =E70 -> 11 | G76: =SUM(F76/C$18*100) -> 37.931034 | H76: Eixo do conhecimento: Leitura. Eixo cognitivo: Reconhecer – Identificar a ideia central do texto. | AL76: 2 | AM76: =COUNTIF(E30:E69,"A") -> 3 | AN76: =SUM(AM76/C18*100) -> 10.344828 | AO76: =COUNTIF(E30:E69,"B") -> 13 | AP76: =SUM(AO76/C18*100) -> 44.827586 | AQ76: =COUNTIF(E30:E69,"C") -> 11 | AR76: =SUM(AQ76/C18*100) -> 37.931034 | AS76: =COUNTIF(E30:E69,"D") -> 1 | AT76: =SUM(AS76/C18*100) -> 3.4482759
E77: 3 | F77: =F70 -> 10 | G77: =SUM(F77/C$18*100) -> 34.482759 | H77: Eixo do conhecimento: Leitura. Eixo cognitivo: Analisar – Analisar elementos constitutivos de gêneros textuais diversos. | AL77: 3 | AM77: =COUNTIF(F30:F69,"A") -> 2 | AN77: =SUM(AM77/C18*100) -> 6.8965517 | AO77: =COUNTIF(F30:F69,"B") -> 1 | AP77: =SUM(AO77/C18*100) -> 3.4482759 | AQ77: =COUNTIF(F30:F69,"C") -> 15 | AR77: =SUM(AQ77/C18*100) -> 51.724138 | AS77: =COUNTIF(F30:F69,"D") -> 10 | AT77: =SUM(AS77/C18*100) -> 34.482759
E78: 4 | F78: =G70 -> 3 | G78: =SUM(F78/C$18*100) -> 10.344828 | H78: Eixo do conhecimento: Leitura. Eixo cognitivo: Reconhecer – Identificar a ideia central do texto. | AL78: 4 | AM78: =COUNTIF(G30:G69,"A") -> 3 | AN78: =SUM(AM78/C18*100) -> 10.344828 | AO78: =COUNTIF(G30:G69,"B") -> 22 | AP78: =SUM(AO78/C18*100) -> 75.862069 | AQ78: =COUNTIF(G30:G69,"C") -> 1 | AR78: =SUM(AQ78/C18*100) -> 3.4482759 | AS78: =COUNTIF(G30:G69,"D") -> 2 | AT78: =SUM(AS78/C18*100) -> 6.8965517
E79: 5 | F79: =H70 -> 14 | G79: =SUM(F79/C$18*100) -> 48.275862 | H79: Eixo do conhecimento: Leitura. Eixo cognitivo: Reconhecer – Localizar informação explícita. | AL79: 5 | AM79: =COUNTIF(H30:H69,"A") -> 9 | AN79: =SUM(AM79/C18*100) -> 31.034483 | AO79: =COUNTIF(H30:H69,"B") -> 14 | AP79: =SUM(AO79/C18*100) -> 48.275862 | AQ79: =COUNTIF(H30:H69,"C") -> 0 | AR79: =SUM(AQ79/C18*100) -> 0 | AS79: =COUNTIF(H30:H69,"D") -> 5 | AT79: =SUM(AS79/C18*100) -> 17.241379
E80: 6 | F80: =I70 -> 5 | G80: =SUM(F80/C$18*100) -> 17.241379 | H80: Eixo do conhecimento: Leitura. Eixo cognitivo: Reconhecer – Identificar a ideia central do texto. | AL80: 6 | AM80: =COUNTIF(I30:I69,"A") -> 5 | AN80: =SUM(AM80/C18*100) -> 17.241379 | AO80: =COUNTIF(I30:I69,"B") -> 4 | AP80: =SUM(AO80/C18*100) -> 13.793103 | AQ80: =COUNTIF(I30:I69,"C") -> 2 | AR80: =SUM(AQ80/C18*100) -> 6.8965517 | AS80: =COUNTIF(I30:I69,"D") -> 17 | AT80: =SUM(AS80/C18*100) -> 58.62069
E81: 7 | F81: =J70 -> 4 | G81: =SUM(F81/C$18*100) -> 13.793103 | H81: Eixo do conhecimento: Leitura. Eixo cognitivo: Reconhecer – Reconhecer diferentes gêneros textuais. | AL81: 7 | AM81: =COUNTIF(J30:J69,"A") -> 5 | AN81: =SUM(AM81/C18*100) -> 17.241379 | AO81: =COUNTIF(J30:J69,"B") -> 15 | AP81: =SUM(AO81/C18*100) -> 51.724138 | AQ81: =COUNTIF(J30:J69,"C") -> 4 | AR81: =SUM(AQ81/C18*100) -> 13.793103 | AS81: =COUNTIF(J30:J69,"D") -> 4 | AT81: =SUM(AS81/C18*100) -> 13.793103
E82: 8 | F82: =K70 -> 6 | G82: =SUM(F82/C$18*100) -> 20.689655 | H82: Eixo do conhecimento: Leitura. Eixo cognitivo: Analisar – Inferir informações implícitas em textos. | AL82: 8 | AM82: =COUNTIF(K30:K69,"A") -> 0 | AN82: =SUM(AM82/C18*100) -> 0 | AO82: =COUNTIF(K30:K69,"B") -> 16 | AP82: =SUM(AO82/C18*100) -> 55.172414 | AQ82: =COUNTIF(K30:K69,"C") -> 6 | AR82: =SUM(AQ82/C18*100) -> 20.689655 | AS82: =COUNTIF(K30:K69,"D") -> 6 | AT82: =SUM(AS82/C18*100) -> 20.689655
E83: 9 | F83: =L70 -> 1 | G83: =SUM(F83/C$18*100) -> 3.4482759 | H83: Eixo do conhecimento: Leitura. Eixo cognitivo: Reconhecer – Identificar as marcas de organização de textos dramáticos. | AL83: 9 | AM83: =COUNTIF(L30:L69,"A") -> 17 | AN83: =SUM(AM83/C18*100) -> 58.62069 | AO83: =COUNTIF(L30:L69,"B") -> 8 | AP83: =SUM(AO83/C18*100) -> 27.586207 | AQ83: =COUNTIF(L30:L69,"C") -> 2 | AR83: =SUM(AQ83/C18*100) -> 6.8965517 | AS83: =COUNTIF(L30:L69,"D") -> 1 | AT83: =SUM(AS83/C18*100) -> 3.4482759
E84: 10 | F84: =M70 -> 13 | G84: =SUM(F84/C$18*100) -> 44.827586 | H84: Eixo do conhecimento: Leitura. Eixo cognitivo: Analisar – Analisar elementos constitutivos de gêneros textuais diversos. | AL84: 10 | AM84: =COUNTIF(M30:M69,"A") -> 7 | AN84: =SUM(AM84/C18*100) -> 24.137931 | AO84: =COUNTIF(M30:M69,"B") -> 3 | AP84: =SUM(AO84/C18*100) -> 10.344828 | AQ84: =COUNTIF(M30:M69,"C") -> 13 | AR84: =SUM(AQ84/C18*100) -> 44.827586 | AS84: =COUNTIF(M30:M69,"D") -> 5 | AT84: =SUM(AS84/C18*100) -> 17.241379
E85: 11 | F85: =N70 -> 1 | G85: =SUM(F85/C$18*100) -> 3.4482759 | H85: Eixo do conhecimento: Leitura. Eixo cognitivo: Reconhecer – Identificar as marcas de organização de um texto dramático. | AL85: 11 | AM85: =COUNTIF(N30:N69,"A") -> 1 | AN85: =SUM(AM85/C18*100) -> 3.4482759 | AO85: =COUNTIF(N30:N69,"B") -> 1 | AP85: =SUM(AO85/C18*100) -> 3.4482759 | AQ85: =COUNTIF(N30:N69,"C") -> 26 | AR85: =SUM(AQ85/C18*100) -> 89.655172 | AS85: =COUNTIF(N30:N69,"D") -> 0 | AT85: =SUM(AS85/C18*100) -> 0
E86: 12 | F86: =O70 -> 2 | G86: =SUM(F86/C$18*100) -> 6.8965517 | H86: Eixo do conhecimento: Arte. Eixo cognitivo: Analisar – Analisar expressões do teatro e da dança na vida cotidiana | AL86: 12 | AM86: =COUNTIF(O30:O69,"A") -> 7 | AN86: =SUM(AM86/C18*100) -> 24.137931 | AO86: =COUNTIF(O30:O69,"B") -> 1 | AP86: =SUM(AO86/C18*100) -> 3.4482759 | AQ86: =COUNTIF(O30:O69,"C") -> 2 | AR86: =SUM(AQ86/C18*100) -> 6.8965517 | AS86: =COUNTIF(O30:O69,"D") -> 18 | AT86: =SUM(AS86/C18*100) -> 62.068966
E87: 13 | F87: =P70 -> 3 | G87: =SUM(F87/C$18*100) -> 10.344828 | H87: Eixo do conhecimento: Leitura. Eixo cognitivo: Reconhecer – Identificar as marcas de organização de um texto dramático. | AL87: 13 | AM87: =COUNTIF(P30:P69,"A") -> 17 | AN87: =SUM(AM87/C18*100) -> 58.62069 | AO87: =COUNTIF(P30:P69,"B") -> 3 | AP87: =SUM(AO87/C18*100) -> 10.344828 | AQ87: =COUNTIF(P30:P69,"C") -> 5 | AR87: =SUM(AQ87/C18*100) -> 17.241379 | AS87: =COUNTIF(P30:P69,"D") -> 3 | AT87: =SUM(AS87/C18*100) -> 10.344828
E88: 14 | F88: =Q70 -> 1 | G88: =SUM(F88/C$18*100) -> 3.4482759 | H88: Eixo do conhecimento: Leitura. Eixo cognitivo: Reconhecer – Identificar as marcas de organização de um texto dramático | AL88: 14 | AM88: =COUNTIF(Q30:Q69,"A") -> 1 | AN88: =SUM(AM88/C18*100) -> 3.4482759 | AO88: =COUNTIF(Q30:Q69,"B") -> 25 | AP88: =SUM(AO88/C18*100) -> 86.206897 | AQ88: =COUNTIF(Q30:Q69,"C") -> 1 | AR88: =SUM(AQ88/C18*100) -> 3.4482759 | AS88: =COUNTIF(Q30:Q69,"D") -> 1 | AT88: =SUM(AS88/C18*100) -> 3.4482759
E89: 15 | F89: =R70 -> 13 | G89: =SUM(F89/C$18*100) -> 44.827586 | H89: Eixo do conhecimento: Leitura. Eixo cognitivo: Reconhecer – Identificar elementos constitutivos de textos narrativos. | AL89: 15 | AM89: =COUNTIF(R30:R69,"A") -> 3 | AN89: =SUM(AM89/C18*100) -> 10.344828 | AO89: =COUNTIF(R30:R69,"B") -> 13 | AP89: =SUM(AO89/C18*100) -> 44.827586 | AQ89: =COUNTIF(R30:R69,"C") -> 11 | AR89: =SUM(AQ89/C18*100) -> 37.931034 | AS89: =COUNTIF(R30:R69,"D") -> 1 | AT89: =SUM(AS89/C18*100) -> 3.4482759
E90: 16 | F90: =S70 -> 1 | G90: =SUM(F90/C$18*100) -> 3.4482759 | H90: Eixo do conhecimento: Leitura. Eixo cognitivo: Reconhecer – Identificar elementos constitutivos de textos narrativos. | AL90: 16 | AM90: =COUNTIF(S30:S69,"A") -> 16 | AN90: =SUM(AM90/C18*100) -> 55.172414 | AO90: =COUNTIF(S30:S69,"B") -> 2 | AP90: =SUM(AO90/C18*100) -> 6.8965517 | AQ90: =COUNTIF(S30:S69,"C") -> 9 | AR90: =SUM(AQ90/C18*100) -> 31.034483 | AS90: =COUNTIF(S30:S69,"D") -> 1 | AT90: =SUM(AS90/C18*100) -> 3.4482759
E91: 17 | F91: =T70 -> 3 | G91: =SUM(F91/C$18*100) -> 10.344828 | H91: Eixo do conhecimento: Leitura. Eixo cognitivo: Reconhecer – Identificar elementos constitutivos de textos narrativos | AL91: 17 | AM91: =COUNTIF(T30:T69,"A") -> 20 | AN91: =SUM(AM91/C18*100) -> 68.965517 | AO91: =COUNTIF(T30:T69,"B") -> 1 | AP91: =SUM(AO91/C18*100) -> 3.4482759 | AQ91: =COUNTIF(T30:T69,"C") -> 3 | AR91: =SUM(AQ91/C18*100) -> 10.344828 | AS91: =COUNTIF(T30:T69,"D") -> 4 | AT91: =SUM(AS91/C18*100) -> 13.793103
E92: 18 | F92: =U70 -> 1 | G92: =SUM(F92/C$18*100) -> 3.4482759 | H92: Eixo do conhecimento: Leitura. Eixo cognitivo: Reconhecer – Analisar os efeitos de sentido decorrentes do uso dos advérbios. | AL92: 18 | AM92: =COUNTIF(U30:U69,"A") -> 19 | AN92: =SUM(AM92/C18*100) -> 65.517241 | AO92: =COUNTIF(U30:U69,"B") -> 6 | AP92: =SUM(AO92/C18*100) -> 20.689655 | AQ92: =COUNTIF(U30:U69,"C") -> 1 | AR92: =SUM(AQ92/C18*100) -> 3.4482759 | AS92: =COUNTIF(U30:U69,"D") -> 2 | AT92: =SUM(AS92/C18*100) -> 6.8965517
E93: 19 | F93: =V70 -> 0 | G93: =SUM(F93/C$18*100) -> 0 | H93: Eixo do conhecimento: Leitura. Eixo cognitivo: Reconhecer – Identificar elementos constitutivos de textos narrativos | AL93: 19 | AM93: =COUNTIF(V30:V69,"A") -> 0 | AN93: =SUM(AM93/C18*100) -> 0 | AO93: =COUNTIF(V30:V69,"B") -> 7 | AP93: =SUM(AO93/C18*100) -> 24.137931 | AQ93: =COUNTIF(V30:V69,"C") -> 17 | AR93: =SUM(AQ93/C18*100) -> 58.62069 | AS93: =COUNTIF(V30:V69,"D") -> 3 | AT93: =SUM(AS93/C18*100) -> 10.344828
E94: 20 | F94: =W70 -> 0 | G94: =SUM(F94/C$18*100) -> 0 | H94: Eixo do conhecimento: Leitura. Eixo cognitivo: Reconhecer – Analisar o uso de recursos de persuasão em textos verbais e/ou multimodais. | AL94: 20 | AM94: =COUNTIF(W30:W69,"A") -> 0 | AN94: =SUM(AM94/C18*100) -> 0 | AO94: =COUNTIF(W30:W69,"B") -> 4 | AP94: =SUM(AO94/C18*100) -> 13.793103 | AQ94: =COUNTIF(W30:W69,"C") -> 5 | AR94: =SUM(AQ94/C18*100) -> 17.241379 | AS94: =COUNTIF(W30:W69,"D") -> 19 | AT94: =SUM(AS94/C18*100) -> 65.517241
E95: 21 | F95: =X70 -> 15 | G95: =SUM(F95/C$18*100) -> 51.724138 | H95: Eixo do conhecimento: Leitura. Eixo cognitivo: Reconhecer – Analisar o uso de recursos de persuasão em textos verbais e/ou multimodais. | AL95: 21 | AM95: =COUNTIF(X30:X69,"A") -> 2 | AN95: =SUM(AM95/C18*100) -> 6.8965517 | AO95: =COUNTIF(X30:X69,"B") -> 15 | AP95: =SUM(AO95/C18*100) -> 51.724138 | AQ95: =COUNTIF(X30:X69,"C") -> 5 | AR95: =SUM(AQ95/C18*100) -> 17.241379 | AS95: =COUNTIF(X30:X69,"D") -> 6 | AT95: =SUM(AS95/C18*100) -> 20.689655
D96: MATEMÁTICA | E96: 1 | F96: =Y70 -> 1 | G96: =SUM(F96/C$18*100) -> 3.4482759 | H96: 5N1.1 – Escrever números racionais (naturais de até 6 ordens, representação fracionária ou decimal finita até a ordem dos milésimos) em sua representação por algarismos ou em língua materna ou Associar o registro numérico ao registro em língua materna. | AK96: MATEMÁTICA | AL96: 1 | AM96: =COUNTIF(Y30:Y69,"A") -> 26 | AN96: =SUM(AM96/C18*100) -> 89.655172 | AO96: =COUNTIF(Y30:Y69,"B") -> 0 | AP96: =SUM(AO96/C18*100) -> 0 | AQ96: =COUNTIF(Y30:Y69,"C") -> 1 | AR96: =SUM(AQ96/C18*100) -> 3.4482759 | AS96: =COUNTIF(Y30:Y69,"D") -> 1 | AT96: =SUM(AS96/C18*100) -> 3.4482759
E97: 2 | F97: =Z70 -> 1 | G97: =SUM(F97/C$18*100) -> 3.4482759 | H97: 5NG1 - Interpretar ou descrever a localização ou movimentação de objetos ou figuras geometricas no plano cartesiano (1º quadrante), indicando mudanças de direção, sentindo ou giros. | AL97: 2 | AM97: =COUNTIF(Z30:Z69,"A") -> 1 | AN97: =SUM(AM97/C18*100) -> 3.4482759 | AO97: =COUNTIF(Z30:Z69,"B") -> 0 | AP97: =SUM(AO97/C18*100) -> 0 | AQ97: =COUNTIF(Z30:Z69,"C") -> 2 | AR97: =SUM(AQ97/C18*100) -> 6.8965517 | AS97: =COUNTIF(Z30:Z69,"D") -> 24 | AT97: =SUM(AS97/C18*100) -> 82.758621
E98: 3 | F98: =AA70 -> 24 | G98: =SUM(F98/C$18*100) -> 82.758621 | H98: 5N1.3 – Comparar ou ordenar números racionais (naturais de até 6 ordens, representação fracionária ou decimal finita até a ordem dos milésimos), com ou sem suporte da reta numérica. | AL98: 3 | AM98: =COUNTIF(AA30:AA69,"A") -> 0 | AN98: =SUM(AM98/C18*100) -> 0 | AO98: =COUNTIF(AA30:AA69,"B") -> 24 | AP98: =SUM(AO98/C18*100) -> 82.758621 | AQ98: =COUNTIF(AA30:AA69,"C") -> 3 | AR98: =SUM(AQ98/C18*100) -> 10.344828 | AS98: =COUNTIF(AA30:AA69,"D") -> 1 | AT98: =SUM(AS98/C18*100) -> 3.4482759
E99: 4 | F99: =AB70 -> 26 | G99: =SUM(F99/C$18*100) -> 89.655172 | H99: 5G1.8 – Reconhecer figuras geométricas planas congruentes ou simetria de reflexão em figuras ou em pares de figuras geométricas planas | AL99: 4 | AM99: =COUNTIF(AB30:AB69,"A") -> 0 | AN99: =SUM(AM99/C18*100) -> 0 | AO99: =COUNTIF(AB30:AB69,"B") -> 2 | AP99: =SUM(AO99/C18*100) -> 6.8965517 | AQ99: =COUNTIF(AB30:AB69,"C") -> 0 | AR99: =SUM(AQ99/C18*100) -> 0 | AS99: =COUNTIF(AB30:AB69,"D") -> 26 | AT99: =SUM(AS99/C18*100) -> 89.655172
E100: 5 | F100: =AC70 -> 2 | G100: =SUM(F100/C$18*100) -> 6.8965517 | H100: 5N1.1 – Escrever números racionais (naturais de até 6 ordens, representação fracionária ou decimal finita até a ordem dos milésimos) em sua representação por algarismos ou em língua materna ou Associar o registro numérico ao registro em língua materna. | AL100: 5 | AM100: =COUNTIF(AC30:AC69,"A") -> 2 | AN100: =SUM(AM100/C18*100) -> 6.8965517 | AO100: =COUNTIF(AC30:AC69,"B") -> 3 | AP100: =SUM(AO100/C18*100) -> 10.344828 | AQ100: =COUNTIF(AC30:AC69,"C") -> 20 | AR100: =SUM(AQ100/C18*100) -> 68.965517 | AS100: =COUNTIF(AC30:AC69,"D") -> 3 | AT100: =SUM(AS100/C18*100) -> 10.344828
E101: 6 | F101: =AD70 -> 2 | G101: =SUM(F101/C$18*100) -> 6.8965517 | H101: 5N2.3 – Resolver problemas de adição ou de subtração, envolvendo números racionais apenas na sua representação decimal finita até a ordem dos milésimos, com os significados de juntar, acrescentar, separar, retirar, comparar ou completar. | AL101: 6 | AM101: =COUNTIF(AD30:AD69,"A") -> 4 | AN101: =SUM(AM101/C18*100) -> 13.793103 | AO101: =COUNTIF(AD30:AD69,"B") -> 3 | AP101: =SUM(AO101/C18*100) -> 10.344828 | AQ101: =COUNTIF(AD30:AD69,"C") -> 19 | AR101: =SUM(AQ101/C18*100) -> 65.517241 | AS101: =COUNTIF(AD30:AD69,"D") -> 2 | AT101: =SUM(AS101/C18*100) -> 6.8965517
E102: 7 | F102: =AE70 -> 20 | G102: =SUM(F102/C$18*100) -> 68.965517 | H102: 5G1.8 – Reconhecer figuras geométricas planas congruentes ou simetria de reflexão em figuras ou em pares de figuras geométricas planas. | AL102: 7 | AM102: =COUNTIF(AE30:AE69,"A") -> 4 | AN102: =SUM(AM102/C18*100) -> 13.793103 | AO102: =COUNTIF(AE30:AE69,"B") -> 20 | AP102: =SUM(AO102/C18*100) -> 68.965517 | AQ102: =COUNTIF(AE30:AE69,"C") -> 0 | AR102: =SUM(AQ102/C18*100) -> 0 | AS102: =COUNTIF(AE30:AE69,"D") -> 4 | AT102: =SUM(AS102/C18*100) -> 13.793103
E103: 8 | F103: =AF70 -> 1 | G103: =SUM(F103/C$18*100) -> 3.4482759 | H103: 5G1.9 – Reconhecer a congruência dos ângulos e a proporcionalidade entre os lados correspondentes de figuras poligonais em situações de ampliação ou de redução em malhas quadriculadas | AL103: 8 | AM103: =COUNTIF(AF30:AF69,"A") -> 21 | AN103: =SUM(AM103/C18*100) -> 72.413793 | AO103: =COUNTIF(AF30:AF69,"B") -> 3 | AP103: =SUM(AO103/C18*100) -> 10.344828 | AQ103: =COUNTIF(AF30:AF69,"C") -> 1 | AR103: =SUM(AQ103/C18*100) -> 3.4482759 | AS103: =COUNTIF(AF30:AF69,"D") -> 3 | AT103: =SUM(AS103/C18*100) -> 10.344828
E104: 9 | F104: =AG70 -> 2 | G104: =SUM(F104/C$18*100) -> 6.8965517 | H104: 5M2.6 – Resolver problemas que envolvam moedas e/ou cédulas do sistema monetário brasileiro. | AL104: 9 | AM104: =COUNTIF(AG30:AG69,"A") -> 2 | AN104: =SUM(AM104/C18*100) -> 6.8965517 | AO104: =COUNTIF(AG30:AG69,"B") -> 5 | AP104: =SUM(AO104/C18*100) -> 17.241379 | AQ104: =COUNTIF(AG30:AG69,"C") -> 5 | AR104: =SUM(AQ104/C18*100) -> 17.241379 | AS104: =COUNTIF(AG30:AG69,"D") -> 16 | AT104: =SUM(AS104/C18*100) -> 55.172414
E105: 10 | F105: =AH70 -> 2 | G105: =SUM(F105/C$18*100) -> 6.8965517 | H105: 5N2.3 – Resolver problemas de adição ou de subtração, envolvendo números racionais apenas na sua representação decimal finita até a ordem dos milésimos, com os significados de juntar, acrescentar, separar, retirar, comparar ou completar. | AL105: 10 | AM105: =COUNTIF(AH30:AH69,"A") -> 22 | AN105: =SUM(AM105/C18*100) -> 75.862069 | AO105: =COUNTIF(AH30:AH69,"B") -> 1 | AP105: =SUM(AO105/C18*100) -> 3.4482759 | AQ105: =COUNTIF(AH30:AH69,"C") -> 2 | AR105: =SUM(AQ105/C18*100) -> 6.8965517 | AS105: =COUNTIF(AH30:AH69,"D") -> 3 | AT105: =SUM(AS105/C18*100) -> 10.344828
E106: 11 | F106: =AI70 -> 1 | G106: =SUM(F106/C$18*100) -> 3.4482759 | H106: 5A1.5 – Determinar o número desconhecido que torna verdadeira uma igualdade que envolve as operações fundamentais com números naturais de até 6 ordens. | AL106: 11 | AM106: =COUNTIF(AI30:AI69,"A") -> 0 | AN106: =SUM(AM106/C18*100) -> 0 | AO106: =COUNTIF(AI30:AI69,"B") -> 1 | AP106: =SUM(AO106/C18*100) -> 3.4482759 | AQ106: =COUNTIF(AI30:AI69,"C") -> 25 | AR106: =SUM(AQ106/C18*100) -> 86.206897 | AS106: =COUNTIF(AI30:AI69,"D") -> 2 | AT106: =SUM(AS106/C18*100) -> 6.8965517
E107: 12 | F107: =AJ70 -> 0 | G107: =SUM(F107/C$18*100) -> 0 | H107: 5G2.1 – Descrever ou esboçar o deslocamento de pessoas e/ou de objetos em representações bidimensionais (mapas, croquis etc.) ou plantas de ambientes, de acordo com condições dadas. | AL107: 12 | AM107: =COUNTIF(AJ30:AJ69,"A") -> 0 | AN107: =SUM(AM107/C18*100) -> 0 | AO107: =COUNTIF(AJ30:AJ69,"B") -> 26 | AP107: =SUM(AO107/C18*100) -> 89.655172 | AQ107: =COUNTIF(AJ30:AJ69,"C") -> 0 | AR107: =SUM(AQ107/C18*100) -> 0 | AS107: =COUNTIF(AJ30:AJ69,"D") -> 1 | AT107: =SUM(AS107/C18*100) -> 3.4482759
E108: 13 | F108: =AK70 -> 2 | G108: =SUM(F108/C$18*100) -> 6.8965517 | H108: 5E1.5 – Representar ou associar os dados de uma pesquisa estatística ou de um levantamento em listas, tabelas (simples ou de dupla entrada) ou gráficos (barras simples ou agrupadas, colunas simples ou agrupadas, pictóricos ou de linhas). | AL108: 13 | AM108: =COUNTIF(AK30:AK69,"A") -> 2 | AN108: =SUM(AM108/C18*100) -> 6.8965517 | AO108: =COUNTIF(AK30:AK69,"B") -> 2 | AP108: =SUM(AO108/C18*100) -> 6.8965517 | AQ108: =COUNTIF(AK30:AK69,"C") -> 2 | AR108: =SUM(AQ108/C18*100) -> 6.8965517 | AS108: =COUNTIF(AK30:AK69,"D") -> 21 | AT108: =SUM(AS108/C18*100) -> 72.413793
E109: 14 | F109: =AL70 -> 1 | G109: =SUM(F109/C$18*100) -> 3.4482759 | H109: 5A1.5 – Determinar o número desconhecido que torna verdadeira uma igualdade que envolve as operações fundamentais com números naturais de até 6 ordens. | AL109: 14 | AM109: =COUNTIF(AL30:AL69,"A") -> 1 | AN109: =SUM(AM109/C18*100) -> 3.4482759 | AO109: =COUNTIF(AL30:AL69,"B") -> 23 | AP109: =SUM(AO109/C18*100) -> 79.310345 | AQ109: =COUNTIF(AL30:AL69,"C") -> 2 | AR109: =SUM(AQ109/C18*100) -> 6.8965517 | AS109: =COUNTIF(AL30:AL69,"D") -> 1 | AT109: =SUM(AS109/C18*100) -> 3.4482759
E110: 15 | F110: =AM70 -> 0 | G110: =SUM(F110/C$18*100) -> 0 | H110: 5N2.4 – Resolver problemas de multiplicação ou de divisão, envolvendo números racionais apenas na sua representação decimal finita até a ordem dos milésimos, com os significados de formação de grupos iguais (incluindo repartição equitativa de medida),proporcionalidade ou disposição retangular. | AL110: 15 | AM110: =COUNTIF(AM30:AM69,"A") -> 6 | AN110: =SUM(AM110/C18*100) -> 20.689655 | AO110: =COUNTIF(AM30:AM69,"B") -> 0 | AP110: =SUM(AO110/C18*100) -> 0 | AQ110: =COUNTIF(AM30:AM69,"C") -> 20 | AR110: =SUM(AQ110/C18*100) -> 68.965517 | AS110: =COUNTIF(AM30:AM69,"D") -> 0 | AT110: =SUM(AS110/C18*100) -> 0
E111: 16 | F111: =AN70 -> 3 | G111: =SUM(F111/C$18*100) -> 10.344828 | H111: 5M2.2 – Resolver problemas que envolvam medidas de grandezas (comprimento, massa, tempo e capacidade) em que haja conversões entre as unidades mais usuais. | AL111: 16 | AM111: =COUNTIF(AN30:AN69,"A") -> 16 | AN111: =SUM(AM111/C18*100) -> 55.172414 | AO111: =COUNTIF(AN30:AN69,"B") -> 4 | AP111: =SUM(AO111/C18*100) -> 13.793103 | AQ111: =COUNTIF(AN30:AN69,"C") -> 3 | AR111: =SUM(AQ111/C18*100) -> 10.344828 | AS111: =COUNTIF(AN30:AN69,"D") -> 3 | AT111: =SUM(AS111/C18*100) -> 10.344828
E112: 17 | F112: =AO70 -> 1 | G112: =SUM(F112/C$18*100) -> 3.4482759 | H112: 5G2.2 – Construir/Desenhar figuras geométricas planas ou espaciais que satisfaçam condições dadas. | AL112: 17 | AM112: =COUNTIF(AO30:AO69,"A") -> 6 | AN112: =SUM(AM112/C18*100) -> 20.689655 | AO112: =COUNTIF(AO30:AO69,"B") -> 20 | AP112: =SUM(AO112/C18*100) -> 68.965517 | AQ112: =COUNTIF(AO30:AO69,"C") -> 1 | AR112: =SUM(AQ112/C18*100) -> 3.4482759 | AS112: =COUNTIF(AO30:AO69,"D") -> 0 | AT112: =SUM(AS112/C18*100) -> 0
E113: 18 | F113: =AP70 -> 1 | G113: =SUM(F113/C$18*100) -> 3.4482759 | H113: 5M2.2 – Resolver problemas que envolvam medidas de grandezas (comprimento, massa, tempo e capacidade) em que haja conversões entre as unidades mais usuais. | AL113: 18 | AM113: =COUNTIF(AP30:AP69,"A") -> 1 | AN113: =SUM(AM113/C18*100) -> 3.4482759 | AO113: =COUNTIF(AP30:AP69,"B") -> 2 | AP113: =SUM(AO113/C18*100) -> 6.8965517 | AQ113: =COUNTIF(AP30:AP69,"C") -> 23 | AR113: =SUM(AQ113/C18*100) -> 79.310345 | AS113: =COUNTIF(AP30:AP69,"D") -> 1 | AT113: =SUM(AS113/C18*100) -> 3.4482759
E114: 19 | F114: =AQ70 -> 12 | G114: =SUM(F114/C$18*100) -> 41.37931 | H114: 5N2.4 – Resolver problemas de multiplicação ou de divisão, envolvendo números racionais apenas na sua representação decimal finita até a ordem dos milésimos, com os significados de formação de grupos iguais (incluindo repartição equitativa de medida), proporcionalidade ou disposição retangular. | AL114: 19 | AM114: =COUNTIF(AQ30:AQ69,"A") -> 8 | AN114: =SUM(AM114/C18*100) -> 27.586207 | AO114: =COUNTIF(AQ30:AQ69,"B") -> 1 | AP114: =SUM(AO114/C18*100) -> 3.4482759 | AQ114: =COUNTIF(AQ30:AQ69,"C") -> 6 | AR114: =SUM(AQ114/C18*100) -> 20.689655 | AS114: =COUNTIF(AQ30:AQ69,"D") -> 12 | AT114: =SUM(AS114/C18*100) -> 41.37931
E115: 20 | F115: =AR70 -> 4 | G115: =SUM(F115/C$18*100) -> 13.793103 | H115: 5M2.2 – Resolver problemas que envolvam medidas de grandezas (comprimento, massa, tempo e capacidade) em que haja conversões entre as unidades mais usuais. | AL115: 20 | AM115: =COUNTIF(AR30:AR69,"A") -> 0 | AN115: =SUM(AM115/C18*100) -> 0 | AO115: =COUNTIF(AR30:AR69,"B") -> 4 | AP115: =SUM(AO115/C18*100) -> 13.793103 | AQ115: =COUNTIF(AR30:AR69,"C") -> 17 | AR115: =SUM(AQ115/C18*100) -> 58.62069 | AS115: =COUNTIF(AR30:AR69,"D") -> 6 | AT115: =SUM(AS115/C18*100) -> 20.689655
E116: 21 | F116: =AS70 -> 1 | G116: =SUM(F116/C$18*100) -> 3.4482759 | H116: 5M2.6 – Resolver problemas que envolvam moedas e/ou cédulas do sistema monetário brasileiro. | AL116: 21 | AM116: =COUNTIF(AS30:AS69,"A") -> 4 | AN116: =SUM(AM116/C18*100) -> 13.793103 | AO116: =COUNTIF(AS30:AS69,"B") -> 4 | AP116: =SUM(AO116/C18*100) -> 13.793103 | AQ116: =COUNTIF(AS30:AS69,"C") -> 18 | AR116: =SUM(AQ116/C18*100) -> 62.068966 | AS116: =COUNTIF(AS30:AS69,"D") -> 1 | AT116: =SUM(AS116/C18*100) -> 3.4482759
...

Sheet 5º Ano - 502
D6: COLEÇÃO PREPARA BRASIL
D9: ANÁLISE DE DESEMPENHO - SIMULADO 4
D12: Unidade de Ensino: 1. EMEB BENTO ELOI GARCIA
A16: 5º ANO - 502
A18: NÚMERO DE ALUNOS MATRICULADOS: | C18: =COUNTA(B30:B69) -> 29
A19: NÚMERO DE PRESENTES | C19: =SUMPRODUCT(LEN(D30:D69) - LEN(SUBSTITUTE(SUBSTITUTE(SUBSTITUTE(SUBSTITUTE(SUBSTITUTE(D30:D69,"A",""),"B",""),"C",""),"D",""),"X",""))) -> 29
A20: NÚMERO DE ALUNOS AUSENTES | C20: =COUNTIF(D30:D69,"F") -> 0
A21: NÚMERO DE ACD | C21: =COUNTIF(C30:C69,"SIM") -> 1
A23: GUIA DE CORREÇÃO - PRODUÇÃO TEXTUAL
D25: DESEMPENHO POR ITEM | BD25: NÍVEL DE PROFICIÊNCIA
A26: Nº | B26: Nome | C26: ALUNO COM DEFICIÊNCIA | D26: LINGUAGENS | Y26: MATEMÁTICA | AV26: PRODUÇÃO TEXTUAL | BD26: LINGUAGENS | BG26: MATEMÁTICA
D27: Questão 01 | E27: Questão 02 | F27: Questão 03 | G27: Questão 04 | H27: Questão 05 | I27: Questão 06 | J27: Questão 07 | K27: Questão 08 | L27: Questão 09 | M27: Questão 10 | N27: Questão 11 | O27: Questão 12 | P27: Questão 13 | Q27: Questão 14 | R27: Questão 15 | S27: Questão 16 | T27: Questão 17 | U27: Questão 18 | V27: Questão 19 | W27: Questão 20 | X27: Questão 21 | Y27: Questão 01 | Z27: Questão 02 | AA27: Questão 03 | AB27: Questão 04 | AC27: Questão 05 | AD27: Questão 06 | AE27: Questão 07 | AF27: Questão 08 | AG27: Questão 09 | AH27: Questão 10 | AI27: Questão 11 | AJ27: Questão 12 | AK27: Questão 13 | AL27: Questão 14 | AM27: Questão 15 | AN27: Questão 16 | AO27: Questão 17 | AP27: Questão 18 | AQ27: Questão 19 | AR27: Questão 20 | AS27: Questão 21 | AT27: Questão 22 | AV27: Situação | AW27: Adequação ao Gênero e ao Tema | AX27: Coerência e Coesão | AY27: Estrutura e Organização | AZ27: Ortografia e Pontuação | BA27: PONTUAÇÃO FINAL | BB27: PADRÃO DE DESEMPENHO | BD27: TCT | BE27: TRI | BF27: ESCALA DE PROFICIÊNCIA | BG27: TCT | BH27: TRI | BI27: ESCALA DE PROFICIÊNCIA
D28: 18 | E28: 9 | F28: 0 | G28: 36 | H28: 36 | I28: 36 | J28: 18 | K28: 18 | L28: 36 | M28: 36 | N28: 36 | O28: 36 | P28: 36 | Q28: 9 | R28: 18 | S28: 36 | T28: 36 | U28: 9 | V28: 0 | W28: 36 | X28: 0 | Y28: 25 | Z28: 25 | AA28: 25 | AB28: 25 | AC28: 16 | AD28: 25 | AE28: 8 | AF28: 25 | AG28: 25 | AH28: 16 | AI28: 25 | AJ28: 25 | AK28: 25 | AL28: 25 | AM28: 25 | AN28: 25 | AO28: 16 | AP28: 25 | AQ28: 25 | AR28: 25 | AS28: 25 | AT28: 25
D29: C | E29: C | F29: C | G29: B | H29: B | I29: D | J29: B | K29: B | L29: A | M29: B | N29: C | O29: C | P29: A | Q29: B | R29: D | S29: A | T29: A | U29: A | V29: C | W29: D | X29: B | Y29: A | Z29: D | AA29: C | AB29: D | AC29: C | AD29: C | AE29: B | AF29: A | AG29: D | AH29: A | AI29: C | AJ29: B | AK29: D | AL29: B | AM29: C | AN29: A | AO29: B | AP29: D | AQ29: A | AR29: C | AS29: C | AT29: B
A30: 1 | B30: ALESSANDRO DE OLIVEIRA ALMEIDA | C30: NÃO | D30: A | E30: B | F30: C | G30: A | H30: B | I30: D | J30: B | K30: B | L30: A | M30: C | N30: C | O30: B | P30: A | Q30: B | R30: D | S30: A | T30: A | U30: A | V30: C | W30: D | X30: B | Y30: A | Z30: D | AA30: B | AB30: D | AC30: C | AD30: B | AE30: B | AF30: A | AG30: D | AH30: A | AI30: C | AJ30: B | AK30: D | AL30: B | AM30: C | AN30: A | AO30: B | AP30: D | AQ30: A | AR30: C | AS30: C | AT30: B | AV30: A | AW30: 3 | AX30: 3 | AY30: 3 | AZ30: 3 | BA30: =(100/16)*((SUM(AW30:AZ30))) -> 75 | BB30: =IF((SUM(BA30))<=25, "Abaixo do Básico", IF((SUM(BA30))<=50, "Básico", IF((SUM(BA30))<=75, "Adequado", "Avançado"))) -> Adequado | BD30: =SUMPRODUCT(--(D30:X30=D$29:X$29)) -> 16 | BE30: =SUMPRODUCT((D30:X30=D$29:X$29)*D$28:X$28) -> 360 | BF30: =IF((SUM(BE30))<=125, "Abaixo do Básico", IF((SUM(BE30))<=250, "Básico", IF((SUM(BE30))<=375, "Adequado", "Avançado"))) -> Adequado | BG30: =SUMPRODUCT(--(Y30:AT30=Y$29:AT$29)) -> 20 | BH30: =SUMPRODUCT((Y30:AT30=Y$29:AT$29)*Y$28:AT$28) -> 456 | BI30: =IF((SUM(BH30))<=125, "Abaixo do Básico", IF((SUM(BH30))<=250, "Básico", IF((SUM(BH30))<=375, "Adequado", "Avançado"))) -> Avançado
A31: 2 | B31: ARTHUR MONTEIRO | C31: NÃO | D31: C | E31: B | F31: D | G31: B | H31: B | I31: C | J31: A | K31: A | L31: B | M31: B | N31: A | O31: A | P31: A | Q31: B | R31: D | S31: A | T31: A | U31: A | V31: C | W31: C | X31: C | Y31: A | Z31: D | AA31: B | AB31: D | AC31: A | AD31: C | AE31: B | AF31: A | AG31: A | AH31: C | AI31: C | AJ31: B | AK31: D | AL31: B | AM31: C | AN31: A | AO31: B | AP31: D | AQ31: A | AR31: C | AS31: B | AT31: B | AV31: A | AW31: 3 | AX31: 2 | AY31: 2 | AZ31: 2 | BA31: =(100/16)*((SUM(AW31:AZ31))) -> 56.25 | BB31: =IF((SUM(BA31))<=25, "Abaixo do Básico", IF((SUM(BA31))<=50, "Básico", IF((SUM(BA31))<=75, "Adequado", "Avançado"))) -> Adequado | BD31: =SUMPRODUCT(--(D31:X31=D$29:X$29)) -> 11 | BE31: =SUMPRODUCT((D31:X31=D$29:X$29)*D$28:X$28) -> 270 | BF31: =IF((SUM(BE31))<=125, "Abaixo do Básico", IF((SUM(BE31))<=250, "Básico", IF((SUM(BE31))<=375, "Adequado", "Avançado"))) -> Adequado | BG31: =SUMPRODUCT(--(Y31:AT31=Y$29:AT$29)) -> 17 | BH31: =SUMPRODUCT((Y31:AT31=Y$29:AT$29)*Y$28:AT$28) -> 399 | BI31: =IF((SUM(BH31))<=125, "Abaixo do Básico", IF((SUM(BH31))<=250, "Básico", IF((SUM(BH31))<=375, "Adequado", "Avançado"))) -> Avançado
A32: 3 | B32: BRAYAN FELIPE STIVAN | C32: NÃO | D32: A | E32: B | F32: C | G32: B | H32: B | I32: D | J32: B | K32: B | L32: B | M32: D | N32: C | O32: B | P32: A | Q32: B | R32: D | S32: A | T32: A | U32: A | V32: C | W32: D | X32: B | Y32: A | Z32: D | AA32: B | AB32: D | AC32: C | AD32: D | AE32: B | AF32: A | AG32: B | AH32: A | AI32: C | AJ32: B | AK32: D | AL32: B | AM32: A | AN32: C | AO32: B | AP32: D | AQ32: A | AR32: C | AS32: C | AT32: B | AV32: A | AW32: 2 | AX32: 1 | AY32: 1 | AZ32: 1 | BA32: =(100/16)*((SUM(AW32:AZ32))) -> 31.25 | BB32: =IF((SUM(BA32))<=25, "Abaixo do Básico", IF((SUM(BA32))<=50, "Básico", IF((SUM(BA32))<=75, "Adequado", "Avançado"))) -> Básico | BD32: =SUMPRODUCT(--(D32:X32=D$29:X$29)) -> 16 | BE32: =SUMPRODUCT((D32:X32=D$29:X$29)*D$28:X$28) -> 360 | BF32: =IF((SUM(BE32))<=125, "Abaixo do Básico", IF((SUM(BE32))<=250, "Básico", IF((SUM(BE32))<=375, "Adequado", "Avançado"))) -> Adequado | BG32: =SUMPRODUCT(--(Y32:AT32=Y$29:AT$29)) -> 17 | BH32: =SUMPRODUCT((Y32:AT32=Y$29:AT$29)*Y$28:AT$28) -> 381 | BI32: =IF((SUM(BH32))<=125, "Abaixo do Básico", IF((SUM(BH32))<=250, "Básico", IF((SUM(BH32))<=375, "Adequado", "Avançado"))) -> Avançado
A33: 4 | B33: BRENNO ARTHUR WOSNY | C33: NÃO | D33: A | E33: B | F33: C | G33: A | H33: B | I33: A | J33: B | K33: B | L33: B | M33: A | N33: A | O33: A | P33: A | Q33: B | R33: D | S33: A | T33: A | U33: A | V33: C | W33: D | X33: B | Y33: A | Z33: D | AA33: B | AB33: D | AC33: C | AD33: B | AE33: B | AF33: A | AG33: D | AH33: A | AI33: C | AJ33: B | AK33: C | AL33: B | AM33: C | AN33: D | AO33: B | AP33: D | AQ33: A | AR33: C | AS33: C | AT33: B | AV33: A | AW33: 4 | AX33: 3 | AY33: 3 | AZ33: 3 | BA33: =(100/16)*((SUM(AW33:AZ33))) -> 81.25 | BB33: =IF((SUM(BA33))<=25, "Abaixo do Básico", IF((SUM(BA33))<=50, "Básico", IF((SUM(BA33))<=75, "Adequado", "Avançado"))) -> Avançado | BD33: =SUMPRODUCT(--(D33:X33=D$29:X$29)) -> 13 | BE33: =SUMPRODUCT((D33:X33=D$29:X$29)*D$28:X$28) -> 252 | BF33: =IF((SUM(BE33))<=125, "Abaixo do Básico", IF((SUM(BE33))<=250, "Básico", IF((SUM(BE33))<=375, "Adequado", "Avançado"))) -> Adequado | BG33: =SUMPRODUCT(--(Y33:AT33=Y$29:AT$29)) -> 18 | BH33: =SUMPRODUCT((Y33:AT33=Y$29:AT$29)*Y$28:AT$28) -> 406 | BI33: =IF((SUM(BH33))<=125, "Abaixo do Básico", IF((SUM(BH33))<=250, "Básico", IF((SUM(BH33))<=375, "Adequado", "Avançado"))) -> Avançado
A34: 5 | B34: DAVI CARDOSO SCHLEMPER | C34: NÃO | D34: D | E34: B | F34: B | G34: C | H34: B | I34: D | J34: D | K34: B | L34: A | M34: C | N34: C | O34: B | P34: A | Q34: D | R34: D | S34: A | T34: A | U34: A | V34: C | W34: D | X34: B | Y34: A | Z34: D | AA34: B | AB34: D | AC34: C | AD34: A | AE34: B | AF34: A | AG34: D | AH34: D | AI34: C | AJ34: B | AK34: D | AL34: B | AM34: C | AN34: A | AO34: B | AP34: D | AQ34: A | AR34: C | AS34: C | AT34: B | AV34: A | AW34: 3 | AX34: 3 | AY34: 3 | AZ34: 3 | BA34: =(100/16)*((SUM(AW34:AZ34))) -> 75 | BB34: =IF((SUM(BA34))<=25, "Abaixo do Básico", IF((SUM(BA34))<=50, "Básico", IF((SUM(BA34))<=75, "Adequado", "Avançado"))) -> Adequado | BD34: =SUMPRODUCT(--(D34:X34=D$29:X$29)) -> 13 | BE34: =SUMPRODUCT((D34:X34=D$29:X$29)*D$28:X$28) -> 333 | BF34: =IF((SUM(BE34))<=125, "Abaixo do Básico", IF((SUM(BE34))<=250, "Básico", IF((SUM(BE34))<=375, "Adequado", "Avançado"))) -> Adequado | BG34: =SUMPRODUCT(--(Y34:AT34=Y$29:AT$29)) -> 19 | BH34: =SUMPRODUCT((Y34:AT34=Y$29:AT$29)*Y$28:AT$28) -> 440 | BI34: =IF((SUM(BH34))<=125, "Abaixo do Básico", IF((SUM(BH34))<=250, "Básico", IF((SUM(BH34))<=375, "Adequado", "Avançado"))) -> Avançado
A35: 6 | B35: DAVI LUCAS VIEIRA VIANA | C35: NÃO | D35: D | E35: B | F35: D | G35: B | H35: B | I35: D | J35: B | K35: C | L35: A | M35: C | N35: B | O35: B | P35: A | Q35: B | R35: D | S35: A | T35: A | U35: A | V35: C | W35: D | X35: C | Y35: A | Z35: D | AA35: C | AB35: D | AC35: C | AD35: C | AE35: B | AF35: A | AG35: D | AH35: A | AI35: C | AJ35: D | AK35: A | AL35: B | AM35: A | AN35: A | AO35: B | AP35: D | AQ35: A | AR35: C | AS35: C | AT35: A | AV35: A | AW35: 3 | AX35: 2 | AY35: 2 | AZ35: 2 | BA35: =(100/16)*((SUM(AW35:AZ35))) -> 56.25 | BB35: =IF((SUM(BA35))<=25, "Abaixo do Básico", IF((SUM(BA35))<=50, "Básico", IF((SUM(BA35))<=75, "Adequado", "Avançado"))) -> Adequado | BD35: =SUMPRODUCT(--(D35:X35=D$29:X$29)) -> 13 | BE35: =SUMPRODUCT((D35:X35=D$29:X$29)*D$28:X$28) -> 342 | BF35: =IF((SUM(BE35))<=125, "Abaixo do Básico", IF((SUM(BE35))<=250, "Básico", IF((SUM(BE35))<=375, "Adequado", "Avançado"))) -> Adequado | BG35: =SUMPRODUCT(--(Y35:AT35=Y$29:AT$29)) -> 18 | BH35: =SUMPRODUCT((Y35:AT35=Y$29:AT$29)*Y$28:AT$28) -> 406 | BI35: =IF((SUM(BH35))<=125, "Abaixo do Básico", IF((SUM(BH35))<=250, "Básico", IF((SUM(BH35))<=375, "Adequado", "Avançado"))) -> Avançado
A36: 7 | B36: DAVI LUCCA CORDEIRO PANIZZON | C36: NÃO | D36: D | E36: B | F36: C | G36: B | H36: D | I36: C | J36: B | K36: D | L36: A | M36: C | N36: B | O36: B | P36: A | Q36: B | R36: C | S36: A | T36: A | U36: B | V36: B | W36: C | X36: B | Y36: A | Z36: X | AA36: B | AB36: B | AC36: B | AD36: C | AE36: B | AF36: A | AG36: D | AH36: B | AI36: C | AJ36: B | AK36: B | AL36: A | AM36: C | AN36: A | AO36: B | AP36: B | AQ36: A | AR36: D | AS36: C | AT36: A | AV36: A | AW36: 3 | AX36: 2 | AY36: 2 | AZ36: 2 | BA36: =(100/16)*((SUM(AW36:AZ36))) -> 56.25 | BB36: =IF((SUM(BA36))<=25, "Abaixo do Básico", IF((SUM(BA36))<=50, "Básico", IF((SUM(BA36))<=75, "Adequado", "Avançado"))) -> Adequado | BD36: =SUMPRODUCT(--(D36:X36=D$29:X$29)) -> 9 | BE36: =SUMPRODUCT((D36:X36=D$29:X$29)*D$28:X$28) -> 207 | BF36: =IF((SUM(BE36))<=125, "Abaixo do Básico", IF((SUM(BE36))<=250, "Básico", IF((SUM(BE36))<=375, "Adequado", "Avançado"))) -> Básico | BG36: =SUMPRODUCT(--(Y36:AT36=Y$29:AT$29)) -> 12 | BH36: =SUMPRODUCT((Y36:AT36=Y$29:AT$29)*Y$28:AT$28) -> 274 | BI36: =IF((SUM(BH36))<=125, "Abaixo do Básico", IF((SUM(BH36))<=250, "Básico", IF((SUM(BH36))<=375, "Adequado", "Avançado"))) -> Adequado
A37: 8 | B37: EDSON HENRIQUE BREHMER | C37: SIM | D37: D | E37: B | F37: D | G37: B | H37: D | I37: A | J37: B | K37: D | L37: B | M37: C | N37: C | O37: B | P37: A | Q37: B | R37: D | S37: A | T37: A | U37: C | V37: B | W37: C | X37: X | Y37: A | Z37: D | AA37: B | AB37: B | AC37: C | AD37: C | AE37: B | AF37: A | AG37: D | AH37: C | AI37: C | AJ37: B | AK37: B | AL37: B | AM37: C | AN37: A | AO37: D | AP37: C | AQ37: D | AR37: C | AS37: C | AT37: A | AV37: A | AW37: 2 | AX37: 2 | AY37: 2 | AZ37: 2 | BA37: =(100/16)*((SUM(AW37:AZ37))) -> 50 | BB37: =IF((SUM(BA37))<=25, "Abaixo do Básico", IF((SUM(BA37))<=50, "Básico", IF((SUM(BA37))<=75, "Adequado", "Avançado"))) -> Básico | BD37: =SUMPRODUCT(--(D37:X37=D$29:X$29)) -> 8 | BE37: =SUMPRODUCT((D37:X37=D$29:X$29)*D$28:X$28) -> 225 | BF37: =IF((SUM(BE37))<=125, "Abaixo do Básico", IF((SUM(BE37))<=250, "Básico", IF((SUM(BE37))<=375, "Adequado", "Avançado"))) -> Básico | BG37: =SUMPRODUCT(--(Y37:AT37=Y$29:AT$29)) -> 14 | BH37: =SUMPRODUCT((Y37:AT37=Y$29:AT$29)*Y$28:AT$28) -> 324 | BI37: =IF((SUM(BH37))<=125, "Abaixo do Básico", IF((SUM(BH37))<=250, "Básico", IF((SUM(BH37))<=375, "Adequado", "Avançado"))) -> Adequado
A38: 9 | B38: GABRIEL RODRIGUES LEANDRO | C38: NÃO | D38: B | E38: B | F38: C | G38: A | H38: B | I38: A | J38: A | K38: C | L38: A | M38: A | N38: C | O38: A | P38: A | Q38: C | R38: D | S38: A | T38: A | U38: A | V38: C | W38: D | X38: B | Y38: A | Z38: D | AA38: B | AB38: D | AC38: C | AD38: A | AE38: C | AF38: A | AG38: D | AH38: B | AI38: C | AJ38: B | AK38: C | AL38: B | AM38: C | AN38: A | AO38: B | AP38: A | AQ38: A | AR38: C | AS38: B | AT38: C | AV38: A | AW38: 3 | AX38: 2 | AY38: 2 | AZ38: 2 | BA38: =(100/16)*((SUM(AW38:AZ38))) -> 56.25 | BB38: =IF((SUM(BA38))<=25, "Abaixo do Básico", IF((SUM(BA38))<=50, "Básico", IF((SUM(BA38))<=75, "Adequado", "Avançado"))) -> Adequado | BD38: =SUMPRODUCT(--(D38:X38=D$29:X$29)) -> 12 | BE38: =SUMPRODUCT((D38:X38=D$29:X$29)*D$28:X$28) -> 279 | BF38: =IF((SUM(BE38))<=125, "Abaixo do Básico", IF((SUM(BE38))<=250, "Básico", IF((SUM(BE38))<=375, "Adequado", "Avançado"))) -> Adequado | BG38: =SUMPRODUCT(--(Y38:AT38=Y$29:AT$29)) -> 14 | BH38: =SUMPRODUCT((Y38:AT38=Y$29:AT$29)*Y$28:AT$28) -> 332 | BI38: =IF((SUM(BH38))<=125, "Abaixo do Básico", IF((SUM(BH38))<=250, "Básico", IF((SUM(BH38))<=375, "Adequado", "Avançado"))) -> Adequado
A39: 10 | B39: GIOVANNA MORISSO RODRIGUES | C39: NÃO | D39: A | E39: B | F39: D | G39: B | H39: D | I39: D | J39: A | K39: B | L39: A | M39: B | N39: C | O39: A | P39: A | Q39: B | R39: D | S39: D | T39: A | U39: A | V39: C | W39: D | X39: B | Y39: A | Z39: D | AA39: B | AB39: D | AC39: C | AD39: D | AE39: B | AF39: A | AG39: D | AH39: A | AI39: C | AJ39: B | AK39: D | AL39: B | AM39: A | AN39: A | AO39: B | AP39: D | AQ39: A | AR39: C | AS39: C | AT39: B | AV39: A | AW39: 4 | AX39: 3 | AY39: 3 | AZ39: 3 | BA39: =(100/16)*((SUM(AW39:AZ39))) -> 81.25 | BB39: =IF((SUM(BA39))<=25, "Abaixo do Básico", IF((SUM(BA39))<=50, "Básico", IF((SUM(BA39))<=75, "Adequado", "Avançado"))) -> Avançado | BD39: =SUMPRODUCT(--(D39:X39=D$29:X$29)) -> 14 | BE39: =SUMPRODUCT((D39:X39=D$29:X$29)*D$28:X$28) -> 342 | BF39: =IF((SUM(BE39))<=125, "Abaixo do Básico", IF((SUM(BE39))<=250, "Básico", IF((SUM(BE39))<=375, "Adequado", "Avançado"))) -> Adequado | BG39: =SUMPRODUCT(--(Y39:AT39=Y$29:AT$29)) -> 19 | BH39: =SUMPRODUCT((Y39:AT39=Y$29:AT$29)*Y$28:AT$28) -> 431 | BI39: =IF((SUM(BH39))<=125, "Abaixo do Básico", IF((SUM(BH39))<=250, "Básico", IF((SUM(BH39))<=375, "Adequado", "Avançado"))) -> Avançado
A40: 11 | B40: HEITOR RABELO FERRETO | C40: NÃO | D40: A | E40: B | F40: B | G40: C | H40: D | I40: A | J40: B | K40: D | L40: A | M40: D | N40: C | O40: A | P40: A | Q40: B | R40: D | S40: D | T40: A | U40: A | V40: C | W40: D | X40: B | Y40: C | Z40: C | AA40: B | AB40: B | AC40: C | AD40: B | AE40: B | AF40: B | AG40: A | AH40: C | AI40: C | AJ40: A | AK40: C | AL40: B | AM40: A | AN40: D | AO40: B | AP40: D | AQ40: A | AR40: C | AS40: B | AT40: C | AV40: A | AW40: 3 | AX40: 2 | AY40: 2 | AZ40: 2 | BA40: =(100/16)*((SUM(AW40:AZ40))) -> 56.25 | BB40: =IF((SUM(BA40))<=25, "Abaixo do Básico", IF((SUM(BA40))<=50, "Básico", IF((SUM(BA40))<=75, "Adequado", "Avançado"))) -> Adequado | BD40: =SUMPRODUCT(--(D40:X40=D$29:X$29)) -> 11 | BE40: =SUMPRODUCT((D40:X40=D$29:X$29)*D$28:X$28) -> 234 | BF40: =IF((SUM(BE40))<=125, "Abaixo do Básico", IF((SUM(BE40))<=250, "Básico", IF((SUM(BE40))<=375, "Adequado", "Avançado"))) -> Básico | BG40: =SUMPRODUCT(--(Y40:AT40=Y$29:AT$29)) -> 8 | BH40: =SUMPRODUCT((Y40:AT40=Y$29:AT$29)*Y$28:AT$28) -> 165 | BI40: =IF((SUM(BH40))<=125, "Abaixo do Básico", IF((SUM(BH40))<=250, "Básico", IF((SUM(BH40))<=375, "Adequado", "Avançado"))) -> Básico
A41: 12 | B41: ICARO GABRIEL | C41: NÃO | D41: B | E41: A | F41: C | G41: D | H41: B | I41: A | J41: C | K41: X | L41: B | M41: D | N41: A | O41: A | P41: C | Q41: B | R41: D | S41: A | T41: C | U41: B | V41: D | W41: A | X41: C | Y41: A | Z41: C | AA41: B | AB41: D | AC41: A | AD41: C | AE41: X | AF41: B | AG41: D | AH41: C | AI41: A | AJ41: C | AK41: B | AL41: D | AM41: A | AN41: C | AO41: B | AP41: D | AQ41: C | AR41: B | AS41: A | AT41: D | AV41: C | AW41: X | AX41: X | AY41: X | AZ41: X | BA41: =(100/16)*((SUM(AW41:AZ41))) -> 0 | BB41: =IF((SUM(BA41))<=25, "Abaixo do Básico", IF((SUM(BA41))<=50, "Básico", IF((SUM(BA41))<=75, "Adequado", "Avançado"))) -> Abaixo do Básico | BD41: =SUMPRODUCT(--(D41:X41=D$29:X$29)) -> 5 | BE41: =SUMPRODUCT((D41:X41=D$29:X$29)*D$28:X$28) -> 99 | BF41: =IF((SUM(BE41))<=125, "Abaixo do Básico", IF((SUM(BE41))<=250, "Básico", IF((SUM(BE41))<=375, "Adequado", "Avançado"))) -> Abaixo do Básico | BG41: =SUMPRODUCT(--(Y41:AT41=Y$29:AT$29)) -> 6 | BH41: =SUMPRODUCT((Y41:AT41=Y$29:AT$29)*Y$28:AT$28) -> 141 | BI41: =IF((SUM(BH41))<=125, "Abaixo do Básico", IF((SUM(BH41))<=250, "Básico", IF((SUM(BH41))<=375, "Adequado", "Avançado"))) -> Básico
A42: 13 | B42: JOAO GUILHERME OZORIO | C42: NÃO | D42: A | E42: A | F42: D | G42: B | H42: B | I42: A | J42: B | K42: D | L42: B | M42: A | N42: C | O42: B | P42: A | Q42: B | R42: D | S42: A | T42: A | U42: A | V42: C | W42: D | X42: B | Y42: A | Z42: D | AA42: B | AB42: D | AC42: B | AD42: C | AE42: C | AF42: A | AG42: D | AH42: A | AI42: C | AJ42: B | AK42: D | AL42: A | AM42: C | AN42: A | AO42: B | AP42: D | AQ42: A | AR42: C | AS42: C | AT42: B | AV42: A | AW42: 2 | AX42: 2 | AY42: 2 | AZ42: 2 | BA42: =(100/16)*((SUM(AW42:AZ42))) -> 50 | BB42: =IF((SUM(BA42))<=25, "Abaixo do Básico", IF((SUM(BA42))<=50, "Básico", IF((SUM(BA42))<=75, "Adequado", "Avançado"))) -> Básico | BD42: =SUMPRODUCT(--(D42:X42=D$29:X$29)) -> 13 | BE42: =SUMPRODUCT((D42:X42=D$29:X$29)*D$28:X$28) -> 306 | BF42: =IF((SUM(BE42))<=125, "Abaixo do Básico", IF((SUM(BE42))<=250, "Básico", IF((SUM(BE42))<=375, "Adequado", "Avançado"))) -> Adequado | BG42: =SUMPRODUCT(--(Y42:AT42=Y$29:AT$29)) -> 18 | BH42: =SUMPRODUCT((Y42:AT42=Y$29:AT$29)*Y$28:AT$28) -> 432 | BI42: =IF((SUM(BH42))<=125, "Abaixo do Básico", IF((SUM(BH42))<=250, "Básico", IF((SUM(BH42))<=375, "Adequado", "Avançado"))) -> Avançado
A43: 14 | B43: JOAO PEDRO DO NASCIMENTO SPRINGER | C43: NÃO | D43: A | E43: C | F43: D | G43: A | H43: B | I43: D | J43: C | K43: B | L43: A | M43: C | N43: A | O43: A | P43: A | Q43: B | R43: D | S43: A | T43: A | U43: A | V43: C | W43: D | X43: B | Y43: A | Z43: D | AA43: B | AB43: D | AC43: C | AD43: C | AE43: B | AF43: A | AG43: D | AH43: A | AI43: C | AJ43: B | AK43: D | AL43: B | AM43: C | AN43: A | AO43: B | AP43: D | AQ43: A | AR43: C | AS43: C | AT43: A | AV43: A | AW43: 3 | AX43: 2 | AY43: 2 | AZ43: 2 | BA43: =(100/16)*((SUM(AW43:AZ43))) -> 56.25 | BB43: =IF((SUM(BA43))<=25, "Abaixo do Básico", IF((SUM(BA43))<=50, "Básico", IF((SUM(BA43))<=75, "Adequado", "Avançado"))) -> Adequado | BD43: =SUMPRODUCT(--(D43:X43=D$29:X$29)) -> 14 | BE43: =SUMPRODUCT((D43:X43=D$29:X$29)*D$28:X$28) -> 315 | BF43: =IF((SUM(BE43))<=125, "Abaixo do Básico", IF((SUM(BE43))<=250, "Básico", IF((SUM(BE43))<=375, "Adequado", "Avançado"))) -> Adequado | BG43: =SUMPRODUCT(--(Y43:AT43=Y$29:AT$29)) -> 20 | BH43: =SUMPRODUCT((Y43:AT43=Y$29:AT$29)*Y$28:AT$28) -> 456 | BI43: =IF((SUM(BH43))<=125, "Abaixo do Básico", IF((SUM(BH43))<=250, "Básico", IF((SUM(BH43))<=375, "Adequado", "Avançado"))) -> Avançado
A44: 15 | B44: JOAO VICTOR FERREIRA FIALHO | C44: NÃO | D44: B | E44: B | F44: C | G44: A | H44: D | I44: A | J44: A | K44: B | L44: A | M44: D | N44: C | O44: B | P44: A | Q44: C | R44: D | S44: A | T44: C | U44: A | V44: C | W44: D | X44: B | Y44: A | Z44: D | AA44: B | AB44: D | AC44: C | AD44: C | AE44: C | AF44: A | AG44: D | AH44: C | AI44: C | AJ44: B | AK44: D | AL44: B | AM44: A | AN44: A | AO44: B | AP44: C | AQ44: A | AR44: C | AS44: C | AT44: B | AV44: A | AW44: 3 | AX44: 3 | AY44: 3 | AZ44: 3 | BA44: =(100/16)*((SUM(AW44:AZ44))) -> 75 | BB44: =IF((SUM(BA44))<=25, "Abaixo do Básico", IF((SUM(BA44))<=50, "Básico", IF((SUM(BA44))<=75, "Adequado", "Avançado"))) -> Adequado | BD44: =SUMPRODUCT(--(D44:X44=D$29:X$29)) -> 11 | BE44: =SUMPRODUCT((D44:X44=D$29:X$29)*D$28:X$28) -> 225 | BF44: =IF((SUM(BE44))<=125, "Abaixo do Básico", IF((SUM(BE44))<=250, "Básico", IF((SUM(BE44))<=375, "Adequado", "Avançado"))) -> Básico | BG44: =SUMPRODUCT(--(Y44:AT44=Y$29:AT$29)) -> 17 | BH44: =SUMPRODUCT((Y44:AT44=Y$29:AT$29)*Y$28:AT$28) -> 407 | BI44: =IF((SUM(BH44))<=125, "Abaixo do Básico", IF((SUM(BH44))<=250, "Básico", IF((SUM(BH44))<=375, "Adequado", "Avançado"))) -> Avançado
A45: 16 | B45: JOSUE MACIEL | C45: NÃO | D45: A | E45: B | F45: D | G45: B | H45: B | I45: C | J45: B | K45: D | L45: A | M45: C | N45: C | O45: X | P45: X | Q45: X | R45: X | S45: X | T45: X | U45: X | V45: X | W45: X | X45: X | Y45: A | Z45: D | AA45: B | AB45: D | AC45: C | AD45: C | AE45: C | AF45: C | AG45: D | AH45: B | AI45: C | AJ45: D | AK45: D | AL45: B | AM45: C | AN45: A | AO45: C | AP45: A | AQ45: D | AR45: C | AS45: C | AT45: B | AV45: B | AW45: X | AX45: X | AY45: X | AZ45: X | BA45: =(100/16)*((SUM(AW45:AZ45))) -> 0 | BB45: =IF((SUM(BA45))<=25, "Abaixo do Básico", IF((SUM(BA45))<=50, "Básico", IF((SUM(BA45))<=75, "Adequado", "Avançado"))) -> Abaixo do Básico | BD45: =SUMPRODUCT(--(D45:X45=D$29:X$29)) -> 5 | BE45: =SUMPRODUCT((D45:X45=D$29:X$29)*D$28:X$28) -> 162 | BF45: =IF((SUM(BE45))<=125, "Abaixo do Básico", IF((SUM(BE45))<=250, "Básico", IF((SUM(BE45))<=375, "Adequado", "Avançado"))) -> Básico | BG45: =SUMPRODUCT(--(Y45:AT45=Y$29:AT$29)) -> 14 | BH45: =SUMPRODUCT((Y45:AT45=Y$29:AT$29)*Y$28:AT$28) -> 341 | BI45: =IF((SUM(BH45))<=125, "Abaixo do Básico", IF((SUM(BH45))<=250, "Básico", IF((SUM(BH45))<=375, "Adequado", "Avançado"))) -> Adequado
A46: 17 | B46: KETHILLY LAVINIA ALEXANDRE SANTOS | C46: NÃO | D46: B | E46: B | F46: A | G46: C | H46: A | I46: D | J46: A | K46: B | L46: A | M46: C | N46: B | O46: A | P46: C | Q46: B | R46: D | S46: B | T46: C | U46: A | V46: B | W46: D | X46: C | Y46: A | Z46: B | AA46: D | AB46: A | AC46: D | AD46: D | AE46: A | AF46: A | AG46: D | AH46: C | AI46: A | AJ46: B | AK46: B | AL46: C | AM46: D | AN46: B | AO46: A | AP46: C | AQ46: C | AR46: B | AS46: D | AT46: A | AV46: C | AW46: X | AX46: X | AY46: X | AZ46: X | BA46: =(100/16)*((SUM(AW46:AZ46))) -> 0 | BB46: =IF((SUM(BA46))<=25, "Abaixo do Básico", IF((SUM(BA46))<=50, "Básico", IF((SUM(BA46))<=75, "Adequado", "Avançado"))) -> Abaixo do Básico | BD46: =SUMPRODUCT(--(D46:X46=D$29:X$29)) -> 7 | BE46: =SUMPRODUCT((D46:X46=D$29:X$29)*D$28:X$28) -> 162 | BF46: =IF((SUM(BE46))<=125, "Abaixo do Básico", IF((SUM(BE46))<=250, "Básico", IF((SUM(BE46))<=375, "Adequado", "Avançado"))) -> Básico | BG46: =SUMPRODUCT(--(Y46:AT46=Y$29:AT$29)) -> 4 | BH46: =SUMPRODUCT((Y46:AT46=Y$29:AT$29)*Y$28:AT$28) -> 100 | BI46: =IF((SUM(BH46))<=125, "Abaixo do Básico", IF((SUM(BH46))<=250, "Básico", IF((SUM(BH46))<=375, "Adequado", "Avançado"))) -> Abaixo do Básico
A47: 18 | B47: KEZYA ELAINE DA ROSA DE ABREU | C47: NÃO | D47: A | E47: B | F47: D | G47: B | H47: D | I47: D | J47: A | K47: B | L47: A | M47: D | N47: A | O47: D | P47: A | Q47: B | R47: D | S47: A | T47: A | U47: A | V47: C | W47: D | X47: C | Y47: A | Z47: A | AA47: B | AB47: D | AC47: C | AD47: B | AE47: B | AF47: A | AG47: D | AH47: D | AI47: C | AJ47: B | AK47: D | AL47: B | AM47: C | AN47: A | AO47: C | AP47: C | AQ47: A | AR47: C | AS47: D | AT47: A | AV47: A | AW47: 3 | AX47: 2 | AY47: 2 | AZ47: 2 | BA47: =(100/16)*((SUM(AW47:AZ47))) -> 56.25 | BB47: =IF((SUM(BA47))<=25, "Abaixo do Básico", IF((SUM(BA47))<=50, "Básico", IF((SUM(BA47))<=75, "Adequado", "Avançado"))) -> Adequado | BD47: =SUMPRODUCT(--(D47:X47=D$29:X$29)) -> 12 | BE47: =SUMPRODUCT((D47:X47=D$29:X$29)*D$28:X$28) -> 306 | BF47: =IF((SUM(BE47))<=125, "Abaixo do Básico", IF((SUM(BE47))<=250, "Básico", IF((SUM(BE47))<=375, "Adequado", "Avançado"))) -> Adequado | BG47: =SUMPRODUCT(--(Y47:AT47=Y$29:AT$29)) -> 14 | BH47: =SUMPRODUCT((Y47:AT47=Y$29:AT$29)*Y$28:AT$28) -> 324 | BI47: =IF((SUM(BH47))<=125, "Abaixo do Básico", IF((SUM(BH47))<=250, "Básico", IF((SUM(BH47))<=375, "Adequado", "Avançado"))) -> Adequado
A48: 19 | B48: LUCAS AUGUSTO TRINDADE DOS SANTOS | C48: NÃO | D48: A | E48: B | F48: D | G48: A | H48: B | I48: D | J48: B | K48: D | L48: A | M48: C | N48: D | O48: B | P48: A | Q48: C | R48: D | S48: A | T48: A | U48: A | V48: B | W48: D | X48: C | Y48: A | Z48: D | AA48: B | AB48: D | AC48: C | AD48: C | AE48: B | AF48: D | AG48: D | AH48: A | AI48: C | AJ48: B | AK48: C | AL48: B | AM48: C | AN48: A | AO48: B | AP48: D | AQ48: A | AR48: B | AS48: C | AT48: A | AV48: A | AW48: 3 | AX48: 3 | AY48: 3 | AZ48: 3 | BA48: =(100/16)*((SUM(AW48:AZ48))) -> 75 | BB48: =IF((SUM(BA48))<=25, "Abaixo do Básico", IF((SUM(BA48))<=50, "Básico", IF((SUM(BA48))<=75, "Adequado", "Avançado"))) -> Adequado | BD48: =SUMPRODUCT(--(D48:X48=D$29:X$29)) -> 10 | BE48: =SUMPRODUCT((D48:X48=D$29:X$29)*D$28:X$28) -> 297 | BF48: =IF((SUM(BE48))<=125, "Abaixo do Básico", IF((SUM(BE48))<=250, "Básico", IF((SUM(BE48))<=375, "Adequado", "Avançado"))) -> Adequado | BG48: =SUMPRODUCT(--(Y48:AT48=Y$29:AT$29)) -> 17 | BH48: =SUMPRODUCT((Y48:AT48=Y$29:AT$29)*Y$28:AT$28) -> 381 | BI48: =IF((SUM(BH48))<=125, "Abaixo do Básico", IF((SUM(BH48))<=250, "Básico", IF((SUM(BH48))<=375, "Adequado", "Avançado"))) -> Avançado
A49: 20 | B49: MARIA EDUARDA DA SILVA | C49: NÃO | D49: B | E49: B | F49: D | G49: B | H49: A | I49: A | J49: B | K49: B | L49: A | M49: C | N49: C | O49: A | P49: A | Q49: B | R49: D | S49: A | T49: A | U49: A | V49: C | W49: B | X49: B | Y49: A | Z49: D | AA49: B | AB49: D | AC49: C | AD49: B | AE49: B | AF49: A | AG49: D | AH49: A | AI49: C | AJ49: B | AK49: D | AL49: B | AM49: C | AN49: A | AO49: B | AP49: D | AQ49: A | AR49: C | AS49: C | AT49: B | AV49: A | AW49: 3 | AX49: 2 | AY49: 2 | AZ49: 2 | BA49: =(100/16)*((SUM(AW49:AZ49))) -> 56.25 | BB49: =IF((SUM(BA49))<=25, "Abaixo do Básico", IF((SUM(BA49))<=50, "Básico", IF((SUM(BA49))<=75, "Adequado", "Avançado"))) -> Adequado | BD49: =SUMPRODUCT(--(D49:X49=D$29:X$29)) -> 13 | BE49: =SUMPRODUCT((D49:X49=D$29:X$29)*D$28:X$28) -> 288 | BF49: =IF((SUM(BE49))<=125, "Abaixo do Básico", IF((SUM(BE49))<=250, "Básico", IF((SUM(BE49))<=375, "Adequado", "Avançado"))) -> Adequado | BG49: =SUMPRODUCT(--(Y49:AT49=Y$29:AT$29)) -> 20 | BH49: =SUMPRODUCT((Y49:AT49=Y$29:AT$29)*Y$28:AT$28) -> 456 | BI49: =IF((SUM(BH49))<=125, "Abaixo do Básico", IF((SUM(BH49))<=250, "Básico", IF((SUM(BH49))<=375, "Adequado", "Avançado"))) -> Avançado
A50: 21 | B50: MARIA LUIZA DE BARROS WEIRICH | C50: NÃO | D50: A | E50: B | F50: D | G50: B | H50: D | I50: D | J50: A | K50: B | L50: C | M50: C | N50: C | O50: A | P50: C | Q50: B | R50: D | S50: A | T50: A | U50: A | V50: C | W50: D | X50: B | Y50: A | Z50: D | AA50: B | AB50: D | AC50: A | AD50: D | AE50: B | AF50: A | AG50: D | AH50: B | AI50: C | AJ50: B | AK50: D | AL50: B | AM50: C | AN50: A | AO50: B | AP50: B | AQ50: A | AR50: C | AS50: C | AT50: C | AV50: A | AW50: 3 | AX50: 3 | AY50: 3 | AZ50: 3 | BA50: =(100/16)*((SUM(AW50:AZ50))) -> 75 | BB50: =IF((SUM(BA50))<=25, "Abaixo do Básico", IF((SUM(BA50))<=50, "Básico", IF((SUM(BA50))<=75, "Adequado", "Avançado"))) -> Adequado | BD50: =SUMPRODUCT(--(D50:X50=D$29:X$29)) -> 12 | BE50: =SUMPRODUCT((D50:X50=D$29:X$29)*D$28:X$28) -> 270 | BF50: =IF((SUM(BE50))<=125, "Abaixo do Básico", IF((SUM(BE50))<=250, "Básico", IF((SUM(BE50))<=375, "Adequado", "Avançado"))) -> Adequado | BG50: =SUMPRODUCT(--(Y50:AT50=Y$29:AT$29)) -> 16 | BH50: =SUMPRODUCT((Y50:AT50=Y$29:AT$29)*Y$28:AT$28) -> 374 | BI50: =IF((SUM(BH50))<=125, "Abaixo do Básico", IF((SUM(BH50))<=250, "Básico", IF((SUM(BH50))<=375, "Adequado", "Avançado"))) -> Adequado
A51: 22 | B51: MIGUEL BORGES DE OLIVEIRA | C51: NÃO | D51: B | E51: B | F51: C | G51: B | H51: B | I51: A | J51: A | K51: D | L51: B | M51: A | N51: A | O51: B | P51: A | Q51: B | R51: D | S51: A | T51: A | U51: A | V51: C | W51: D | X51: B | Y51: A | Z51: D | AA51: B | AB51: D | AC51: C | AD51: C | AE51: B | AF51: A | AG51: D | AH51: A | AI51: C | AJ51: D | AK51: D | AL51: B | AM51: C | AN51: A | AO51: B | AP51: C | AQ51: A | AR51: C | AS51: C | AT51: B | AV51: A | AW51: 3 | AX51: 3 | AY51: 2 | AZ51: 2 | BA51: =(100/16)*((SUM(AW51:AZ51))) -> 62.5 | BB51: =IF((SUM(BA51))<=25, "Abaixo do Básico", IF((SUM(BA51))<=50, "Básico", IF((SUM(BA51))<=75, "Adequado", "Avançado"))) -> Adequado | BD51: =SUMPRODUCT(--(D51:X51=D$29:X$29)) -> 12 | BE51: =SUMPRODUCT((D51:X51=D$29:X$29)*D$28:X$28) -> 252 | BF51: =IF((SUM(BE51))<=125, "Abaixo do Básico", IF((SUM(BE51))<=250, "Básico", IF((SUM(BE51))<=375, "Adequado", "Avançado"))) -> Adequado | BG51: =SUMPRODUCT(--(Y51:AT51=Y$29:AT$29)) -> 19 | BH51: =SUMPRODUCT((Y51:AT51=Y$29:AT$29)*Y$28:AT$28) -> 431 | BI51: =IF((SUM(BH51))<=125, "Abaixo do Básico", IF((SUM(BH51))<=250, "Básico", IF((SUM(BH51))<=375, "Adequado", "Avançado"))) -> Avançado
A52: 23 | B52: NATALLY DE OLIVEIRA FLORENCIO | C52: NÃO | D52: B | E52: C | F52: C | G52: B | H52: B | I52: D | J52: B | K52: B | L52: A | M52: A | N52: C | O52: A | P52: A | Q52: B | R52: D | S52: A | T52: A | U52: A | V52: C | W52: D | X52: B | Y52: A | Z52: D | AA52: B | AB52: D | AC52: C | AD52: A | AE52: B | AF52: A | AG52: C | AH52: C | AI52: C | AJ52: B | AK52: B | AL52: B | AM52: C | AN52: A | AO52: B | AP52: C | AQ52: B | AR52: C | AS52: C | AT52: B | AV52: A | AW52: 2 | AX52: 2 | AY52: 2 | AZ52: 2 | BA52: =(100/16)*((SUM(AW52:AZ52))) -> 50 | BB52: =IF((SUM(BA52))<=25, "Abaixo do Básico", IF((SUM(BA52))<=50, "Básico", IF((SUM(BA52))<=75, "Adequado", "Avançado"))) -> Básico | BD52: =SUMPRODUCT(--(D52:X52=D$29:X$29)) -> 18 | BE52: =SUMPRODUCT((D52:X52=D$29:X$29)*D$28:X$28) -> 405 | BF52: =IF((SUM(BE52))<=125, "Abaixo do Básico", IF((SUM(BE52))<=250, "Básico", IF((SUM(BE52))<=375, "Adequado", "Avançado"))) -> Avançado | BG52: =SUMPRODUCT(--(Y52:AT52=Y$29:AT$29)) -> 15 | BH52: =SUMPRODUCT((Y52:AT52=Y$29:AT$29)*Y$28:AT$28) -> 340 | BI52: =IF((SUM(BH52))<=125, "Abaixo do Básico", IF((SUM(BH52))<=250, "Básico", IF((SUM(BH52))<=375, "Adequado", "Avançado"))) -> Adequado
A53: 24 | B53: PATRICIO BENJAMIN FRANCO | C53: NÃO | D53: C | E53: C | F53: C | G53: B | H53: B | I53: D | J53: A | K53: B | L53: A | M53: B | N53: C | O53: B | P53: A | Q53: B | R53: D | S53: A | T53: A | U53: A | V53: C | W53: D | X53: B | Y53: A | Z53: D | AA53: B | AB53: D | AC53: C | AD53: D | AE53: B | AF53: A | AG53: D | AH53: A | AI53: C | AJ53: B | AK53: D | AL53: B | AM53: A | AN53: A | AO53: B | AP53: D | AQ53: A | AR53: C | AS53: C | AT53: B | AV53: A | AW53: 3 | AX53: 2 | AY53: 2 | AZ53: 2 | BA53: =(100/16)*((SUM(AW53:AZ53))) -> 56.25 | BB53: =IF((SUM(BA53))<=25, "Abaixo do Básico", IF((SUM(BA53))<=50, "Básico", IF((SUM(BA53))<=75, "Adequado", "Avançado"))) -> Adequado | BD53: =SUMPRODUCT(--(D53:X53=D$29:X$29)) -> 19 | BE53: =SUMPRODUCT((D53:X53=D$29:X$29)*D$28:X$28) -> 441 | BF53: =IF((SUM(BE53))<=125, "Abaixo do Básico", IF((SUM(BE53))<=250, "Básico", IF((SUM(BE53))<=375, "Adequado", "Avançado"))) -> Avançado | BG53: =SUMPRODUCT(--(Y53:AT53=Y$29:AT$29)) -> 19 | BH53: =SUMPRODUCT((Y53:AT53=Y$29:AT$29)*Y$28:AT$28) -> 431 | BI53: =IF((SUM(BH53))<=125, "Abaixo do Básico", IF((SUM(BH53))<=250, "Básico", IF((SUM(BH53))<=375, "Adequado", "Avançado"))) -> Avançado
A54: 25 | B54: SARAH KLAMT RODRIGUES | C54: NÃO | D54: A | E54: B | F54: C | G54: A | H54: B | I54: D | J54: B | K54: B | L54: A | M54: C | N54: C | O54: B | P54: A | Q54: B | R54: D | S54: A | T54: A | U54: A | V54: D | W54: B | X54: B | Y54: A | Z54: D | AA54: B | AB54: D | AC54: C | AD54: B | AE54: C | AF54: A | AG54: D | AH54: A | AI54: C | AJ54: B | AK54: D | AL54: B | AM54: C | AN54: D | AO54: B | AP54: D | AQ54: A | AR54: C | AS54: C | AT54: D | AV54: A | AW54: 3 | AX54: 3 | AY54: 2 | AZ54: 2 | BA54: =(100/16)*((SUM(AW54:AZ54))) -> 62.5 | BB54: =IF((SUM(BA54))<=25, "Abaixo do Básico", IF((SUM(BA54))<=50, "Básico", IF((SUM(BA54))<=75, "Adequado", "Avançado"))) -> Adequado | BD54: =SUMPRODUCT(--(D54:X54=D$29:X$29)) -> 14 | BE54: =SUMPRODUCT((D54:X54=D$29:X$29)*D$28:X$28) -> 324 | BF54: =IF((SUM(BE54))<=125, "Abaixo do Básico", IF((SUM(BE54))<=250, "Básico", IF((SUM(BE54))<=375, "Adequado", "Avançado"))) -> Adequado | BG54: =SUMPRODUCT(--(Y54:AT54=Y$29:AT$29)) -> 17 | BH54: =SUMPRODUCT((Y54:AT54=Y$29:AT$29)*Y$28:AT$28) -> 398 | BI54: =IF((SUM(BH54))<=125, "Abaixo do Básico", IF((SUM(BH54))<=250, "Básico", IF((SUM(BH54))<=375, "Adequado", "Avançado"))) -> Avançado
A55: 26 | B55: WESLEY ALERRANDRO SIMITE DOS SANTOS | C55: NÃO | D55: A | E55: C | F55: D | G55: A | H55: B | I55: D | J55: A | K55: B | L55: C | M55: C | N55: D | O55: B | P55: A | Q55: B | R55: D | S55: A | T55: A | U55: A | V55: C | W55: D | X55: B | Y55: A | Z55: D | AA55: B | AB55: D | AC55: C | AD55: D | AE55: C | AF55: A | AG55: A | AH55: A | AI55: C | AJ55: D | AK55: C | AL55: B | AM55: D | AN55: A | AO55: B | AP55: C | AQ55: A | AR55: C | AS55: C | AT55: B | AV55: A | AW55: 4 | AX55: 3 | AY55: 3 | AZ55: 3 | BA55: =(100/16)*((SUM(AW55:AZ55))) -> 81.25 | BB55: =IF((SUM(BA55))<=25, "Abaixo do Básico", IF((SUM(BA55))<=50, "Básico", IF((SUM(BA55))<=75, "Adequado", "Avançado"))) -> Avançado | BD55: =SUMPRODUCT(--(D55:X55=D$29:X$29)) -> 13 | BE55: =SUMPRODUCT((D55:X55=D$29:X$29)*D$28:X$28) -> 279 | BF55: =IF((SUM(BE55))<=125, "Abaixo do Básico", IF((SUM(BE55))<=250, "Básico", IF((SUM(BE55))<=375, "Adequado", "Avançado"))) -> Adequado | BG55: =SUMPRODUCT(--(Y55:AT55=Y$29:AT$29)) -> 14 | BH55: =SUMPRODUCT((Y55:AT55=Y$29:AT$29)*Y$28:AT$28) -> 323 | BI55: =IF((SUM(BH55))<=125, "Abaixo do Básico", IF((SUM(BH55))<=250, "Básico", IF((SUM(BH55))<=375, "Adequado", "Avançado"))) -> Adequado
A56: 27 | B56: YANNELIS GABRIELEXIS MACHADO MORENO | C56: NÃO | D56: A | E56: B | F56: D | G56: B | H56: B | I56: D | J56: A | K56: B | L56: B | M56: B | N56: D | O56: D | P56: A | Q56: B | R56: D | S56: A | T56: A | U56: A | V56: C | W56: C | X56: B | Y56: A | Z56: D | AA56: B | AB56: D | AC56: A | AD56: C | AE56: B | AF56: A | AG56: D | AH56: D | AI56: C | AJ56: A | AK56: D | AL56: B | AM56: A | AN56: D | AO56: C | AP56: C | AQ56: A | AR56: C | AS56: C | AT56: B | AV56: A | AW56: 3 | AX56: 3 | AY56: 3 | AZ56: 3 | BA56: =(100/16)*((SUM(AW56:AZ56))) -> 75 | BB56: =IF((SUM(BA56))<=25, "Abaixo do Básico", IF((SUM(BA56))<=50, "Básico", IF((SUM(BA56))<=75, "Adequado", "Avançado"))) -> Adequado | BD56: =SUMPRODUCT(--(D56:X56=D$29:X$29)) -> 13 | BE56: =SUMPRODUCT((D56:X56=D$29:X$29)*D$28:X$28) -> 306 | BF56: =IF((SUM(BE56))<=125, "Abaixo do Básico", IF((SUM(BE56))<=250, "Básico", IF((SUM(BE56))<=375, "Adequado", "Avançado"))) -> Adequado | BG56: =SUMPRODUCT(--(Y56:AT56=Y$29:AT$29)) -> 14 | BH56: =SUMPRODUCT((Y56:AT56=Y$29:AT$29)*Y$28:AT$28) -> 333 | BI56: =IF((SUM(BH56))<=125, "Abaixo do Básico", IF((SUM(BH56))<=250, "Básico", IF((SUM(BH56))<=375, "Adequado", "Avançado"))) -> Adequado
A57: 28 | B57: YASMIN DUARTE PEREIRA | C57: NÃO | D57: A | E57: B | F57: C | G57: B | H57: A | I57: D | J57: B | K57: B | L57: A | M57: C | N57: C | O57: A | P57: A | Q57: B | R57: D | S57: A | T57: A | U57: A | V57: C | W57: C | X57: B | Y57: A | Z57: D | AA57: B | AB57: D | AC57: C | AD57: C | AE57: B | AF57: A | AG57: D | AH57: A | AI57: C | AJ57: B | AK57: C | AL57: B | AM57: C | AN57: A | AO57: B | AP57: C | AQ57: A | AR57: C | AS57: B | AT57: A | AV57: A | AW57: 2 | AX57: 2 | AY57: 2 | AZ57: 2 | BA57: =(100/16)*((SUM(AW57:AZ57))) -> 50 | BB57: =IF((SUM(BA57))<=25, "Abaixo do Básico", IF((SUM(BA57))<=50, "Básico", IF((SUM(BA57))<=75, "Adequado", "Avançado"))) -> Básico | BD57: =SUMPRODUCT(--(D57:X57=D$29:X$29)) -> 15 | BE57: =SUMPRODUCT((D57:X57=D$29:X$29)*D$28:X$28) -> 324 | BF57: =IF((SUM(BE57))<=125, "Abaixo do Básico", IF((SUM(BE57))<=250, "Básico", IF((SUM(BE57))<=375, "Adequado", "Avançado"))) -> Adequado | BG57: =SUMPRODUCT(--(Y57:AT57=Y$29:AT$29)) -> 17 | BH57: =SUMPRODUCT((Y57:AT57=Y$29:AT$29)*Y$28:AT$28) -> 381 | BI57: =IF((SUM(BH57))<=125, "Abaixo do Básico", IF((SUM(BH57))<=250, "Básico", IF((SUM(BH57))<=375, "Adequado", "Avançado"))) -> Avançado
A58: 29 | B58: YERWIN LUISNER MORENO MORALES | C58: NÃO | D58: B | E58: B | F58: D | G58: D | H58: B | I58: A | J58: A | K58: D | L58: A | M58: C | N58: C | O58: B | P58: A | Q58: B | R58: D | S58: A | T58: A | U58: A | V58: B | W58: D | X58: B | Y58: A | Z58: D | AA58: B | AB58: D | AC58: C | AD58: A | AE58: B | AF58: A | AG58: D | AH58: D | AI58: A | AJ58: B | AK58: D | AL58: B | AM58: C | AN58: A | AO58: B | AP58: B | AQ58: A | AR58: C | AS58: D | AT58: B | AV58: A | AW58: 3 | AX58: 2 | AY58: 2 | AZ58: 2 | BA58: =(100/16)*((SUM(AW58:AZ58))) -> 56.25 | BB58: =IF((SUM(BA58))<=25, "Abaixo do Básico", IF((SUM(BA58))<=50, "Básico", IF((SUM(BA58))<=75, "Adequado", "Avançado"))) -> Adequado | BD58: =SUMPRODUCT(--(D58:X58=D$29:X$29)) -> 11 | BE58: =SUMPRODUCT((D58:X58=D$29:X$29)*D$28:X$28) -> 288 | BF58: =IF((SUM(BE58))<=125, "Abaixo do Básico", IF((SUM(BE58))<=250, "Básico", IF((SUM(BE58))<=375, "Adequado", "Avançado"))) -> Adequado | BG58: =SUMPRODUCT(--(Y58:AT58=Y$29:AT$29)) -> 16 | BH58: =SUMPRODUCT((Y58:AT58=Y$29:AT$29)*Y$28:AT$28) -> 365 | BI58: =IF((SUM(BH58))<=125, "Abaixo do Básico", IF((SUM(BH58))<=250, "Básico", IF((SUM(BH58))<=375, "Adequado", "Avançado"))) -> Adequado
A59: 30
A60: 31
A61: 32
A62: 33
A63: 34
A64: 35
A65: 36
A66: 37
A67: 38
A68: 39
A69: 40
A70: DESEMPENHO POR QUESTÃO | D70: =COUNTIF(D30:D69,"D") -> 4 | E70: =COUNTIF(E30:E69,"C") -> 4 | F70: =COUNTIF(F30:F69,"D") -> 14 | G70: =COUNTIF(G30:G69,"A") -> 8 | H70: =COUNTIF(H30:H69,"B") -> 19 | I70: =COUNTIF(I30:I69,"A") -> 10 | J70: =COUNTIF(J30:J69,"C") -> 2 | K70: =COUNTIF(K30:K69,"D") -> 8 | L70: =COUNTIF(L30:L69,"D") -> 0 | M70: =COUNTIF(M30:M69,"C") -> 15 | N70: =COUNTIF(N30:N69,"B") -> 3 | O70: =COUNTIF(O30:O69,"C") -> 0 | P70: =COUNTIF(P30:P69,"B") -> 0 | Q70: =COUNTIF(Q30:Q69,"C") -> 3 | R70: =COUNTIF(R30:R69,"B") -> 0 | S70: =COUNTIF(S30:S69,"D") -> 2 | T70: =COUNTIF(T30:T69,"C") -> 3 | U70: =COUNTIF(U30:U69,"C") -> 1 | V70: =COUNTIF(V30:V69,"A") -> 0 | W70: =COUNTIF(W30:W69,"A") -> 1 | X70: =COUNTIF(X30:X69,"B") -> 21 | Y70: =COUNTIF(Y30:Y69,"C") -> 1 | Z70: =COUNTIF(Z30:Z69,"A") -> 1 | AA70: =COUNTIF(AA30:AA69,"B") -> 27 | AB70: =COUNTIF(AB30:AB69,"D") -> 25 | AC70: =COUNTIF(AC30:AC69,"A") -> 4 | AD70: =COUNTIF(AD30:AD69,"D") -> 6 | AE70: =COUNTIF(AE30:AE69,"B") -> 21 | AF70: =COUNTIF(AF30:AF69,"C") -> 1 | AG70: =COUNTIF(AG30:AG69,"A") -> 3 | AH70: =COUNTIF(AH30:AH69,"C") -> 7 | AI70: =COUNTIF(AI30:AI69,"B") -> 0 | AJ70: =COUNTIF(AJ30:AJ69,"C") -> 1 | AK70: =COUNTIF(AK30:AK69,"A") -> 1 | AL70: =COUNTIF(AL30:AL69,"D") -> 1 | AM70: =COUNTIF(AM30:AM69,"D") -> 2 | AN70: =COUNTIF(AN30:AN69,"C") -> 2 | AO70: =COUNTIF(AO30:AO69,"C") -> 3 | AP70: =COUNTIF(AP30:AP69,"A") -> 2 | AQ70: =COUNTIF(AQ30:AQ69,"D") -> 2 | AR70: =COUNTIF(AR30:AR69,"B") -> 3 | AS70: =COUNTIF(AS30:AS69,"D") -> 3 | AT70: =COUNTIF(AT30:AT69,"A") -> 8
D72: DESEMPENHO POR HABILIDADE | AK72: ANÁLISE DE DISTRATORES
D73: QUESTÃO | F73: Nº. A | G73: % | H73: HABILIDADE
AM74: Nº | AN74: A | AO74: Nº | AP74: B | AQ74: Nº | AR74: C | AS74: Nº | AT74: D
D75: LINGUAGENS | E75: 1 | F75: =D70 -> 4 | G75: =SUM(F75/C$18*100) -> 13.793103 | H75: Eixo do conhecimento: Análise linguística/semiótica. Eixo cognitivo: Reconhecer – Identificar os mecanismos de progressão textual. | AK75: LINGUAGENS | AL75: 1 | AM75: =COUNTIF(D30:D69,"A") -> 15 | AN75: =SUM(AM75/C18*100) -> 51.724138 | AO75: =COUNTIF(D30:D69,"B") -> 8 | AP75: =SUM(AO75/C18*100) -> 27.586207 | AQ75: =COUNTIF(D30:D69,"C") -> 2 | AR75: =SUM(AQ75/C18*100) -> 6.8965517 | AS75: =COUNTIF(D30:D69,"D") -> 4 | AT75: =SUM(AS75/C18*100) -> 13.793103
E76: 2 | F76: =E70 -> 4 | G76: =SUM(F76/C$18*100) -> 13.793103 | H76: Eixo do conhecimento: Leitura. Eixo cognitivo: Reconhecer – Identificar a ideia central do texto. | AL76: 2 | AM76: =COUNTIF(E30:E69,"A") -> 2 | AN76: =SUM(AM76/C18*100) -> 6.8965517 | AO76: =COUNTIF(E30:E69,"B") -> 23 | AP76: =SUM(AO76/C18*100) -> 79.310345 | AQ76: =COUNTIF(E30:E69,"C") -> 4 | AR76: =SUM(AQ76/C18*100) -> 13.793103 | AS76: =COUNTIF(E30:E69,"D") -> 0 | AT76: =SUM(AS76/C18*100) -> 0
E77: 3 | F77: =F70 -> 14 | G77: =SUM(F77/C$18*100) -> 48.275862 | H77: Eixo do conhecimento: Leitura. Eixo cognitivo: Analisar – Analisar elementos constitutivos de gêneros textuais diversos. | AL77: 3 | AM77: =COUNTIF(F30:F69,"A") -> 1 | AN77: =SUM(AM77/C18*100) -> 3.4482759 | AO77: =COUNTIF(F30:F69,"B") -> 2 | AP77: =SUM(AO77/C18*100) -> 6.8965517 | AQ77: =COUNTIF(F30:F69,"C") -> 12 | AR77: =SUM(AQ77/C18*100) -> 41.37931 | AS77: =COUNTIF(F30:F69,"D") -> 14 | AT77: =SUM(AS77/C18*100) -> 48.275862
E78: 4 | F78: =G70 -> 8 | G78: =SUM(F78/C$18*100) -> 27.586207 | H78: Eixo do conhecimento: Leitura. Eixo cognitivo: Reconhecer – Identificar a ideia central do texto. | AL78: 4 | AM78: =COUNTIF(G30:G69,"A") -> 8 | AN78: =SUM(AM78/C18*100) -> 27.586207 | AO78: =COUNTIF(G30:G69,"B") -> 16 | AP78: =SUM(AO78/C18*100) -> 55.172414 | AQ78: =COUNTIF(G30:G69,"C") -> 3 | AR78: =SUM(AQ78/C18*100) -> 10.344828 | AS78: =COUNTIF(G30:G69,"D") -> 2 | AT78: =SUM(AS78/C18*100) -> 6.8965517
E79: 5 | F79: =H70 -> 19 | G79: =SUM(F79/C$18*100) -> 65.517241 | H79: Eixo do conhecimento: Leitura. Eixo cognitivo: Reconhecer – Localizar informação explícita. | AL79: 5 | AM79: =COUNTIF(H30:H69,"A") -> 3 | AN79: =SUM(AM79/C18*100) -> 10.344828 | AO79: =COUNTIF(H30:H69,"B") -> 19 | AP79: =SUM(AO79/C18*100) -> 65.517241 | AQ79: =COUNTIF(H30:H69,"C") -> 0 | AR79: =SUM(AQ79/C18*100) -> 0 | AS79: =COUNTIF(H30:H69,"D") -> 7 | AT79: =SUM(AS79/C18*100) -> 24.137931
E80: 6 | F80: =I70 -> 10 | G80: =SUM(F80/C$18*100) -> 34.482759 | H80: Eixo do conhecimento: Leitura. Eixo cognitivo: Reconhecer – Identificar a ideia central do texto. | AL80: 6 | AM80: =COUNTIF(I30:I69,"A") -> 10 | AN80: =SUM(AM80/C18*100) -> 34.482759 | AO80: =COUNTIF(I30:I69,"B") -> 0 | AP80: =SUM(AO80/C18*100) -> 0 | AQ80: =COUNTIF(I30:I69,"C") -> 3 | AR80: =SUM(AQ80/C18*100) -> 10.344828 | AS80: =COUNTIF(I30:I69,"D") -> 16 | AT80: =SUM(AS80/C18*100) -> 55.172414
E81: 7 | F81: =J70 -> 2 | G81: =SUM(F81/C$18*100) -> 6.8965517 | H81: Eixo do conhecimento: Leitura. Eixo cognitivo: Reconhecer – Reconhecer diferentes gêneros textuais. | AL81: 7 | AM81: =COUNTIF(J30:J69,"A") -> 12 | AN81: =SUM(AM81/C18*100) -> 41.37931 | AO81: =COUNTIF(J30:J69,"B") -> 14 | AP81: =SUM(AO81/C18*100) -> 48.275862 | AQ81: =COUNTIF(J30:J69,"C") -> 2 | AR81: =SUM(AQ81/C18*100) -> 6.8965517 | AS81: =COUNTIF(J30:J69,"D") -> 1 | AT81: =SUM(AS81/C18*100) -> 3.4482759
E82: 8 | F82: =K70 -> 8 | G82: =SUM(F82/C$18*100) -> 27.586207 | H82: Eixo do conhecimento: Leitura. Eixo cognitivo: Analisar – Inferir informações implícitas em textos. | AL82: 8 | AM82: =COUNTIF(K30:K69,"A") -> 1 | AN82: =SUM(AM82/C18*100) -> 3.4482759 | AO82: =COUNTIF(K30:K69,"B") -> 17 | AP82: =SUM(AO82/C18*100) -> 58.62069 | AQ82: =COUNTIF(K30:K69,"C") -> 2 | AR82: =SUM(AQ82/C18*100) -> 6.8965517 | AS82: =COUNTIF(K30:K69,"D") -> 8 | AT82: =SUM(AS82/C18*100) -> 27.586207
E83: 9 | F83: =L70 -> 0 | G83: =SUM(F83/C$18*100) -> 0 | H83: Eixo do conhecimento: Leitura. Eixo cognitivo: Reconhecer – Identificar as marcas de organização de textos dramáticos. | AL83: 9 | AM83: =COUNTIF(L30:L69,"A") -> 19 | AN83: =SUM(AM83/C18*100) -> 65.517241 | AO83: =COUNTIF(L30:L69,"B") -> 8 | AP83: =SUM(AO83/C18*100) -> 27.586207 | AQ83: =COUNTIF(L30:L69,"C") -> 2 | AR83: =SUM(AQ83/C18*100) -> 6.8965517 | AS83: =COUNTIF(L30:L69,"D") -> 0 | AT83: =SUM(AS83/C18*100) -> 0
E84: 10 | F84: =M70 -> 15 | G84: =SUM(F84/C$18*100) -> 51.724138 | H84: Eixo do conhecimento: Leitura. Eixo cognitivo: Analisar – Analisar elementos constitutivos de gêneros textuais diversos. | AL84: 10 | AM84: =COUNTIF(M30:M69,"A") -> 5 | AN84: =SUM(AM84/C18*100) -> 17.241379 | AO84: =COUNTIF(M30:M69,"B") -> 4 | AP84: =SUM(AO84/C18*100) -> 13.793103 | AQ84: =COUNTIF(M30:M69,"C") -> 15 | AR84: =SUM(AQ84/C18*100) -> 51.724138 | AS84: =COUNTIF(M30:M69,"D") -> 5 | AT84: =SUM(AS84/C18*100) -> 17.241379
E85: 11 | F85: =N70 -> 3 | G85: =SUM(F85/C$18*100) -> 10.344828 | H85: Eixo do conhecimento: Leitura. Eixo cognitivo: Reconhecer – Identificar as marcas de organização de um texto dramático. | AL85: 11 | AM85: =COUNTIF(N30:N69,"A") -> 6 | AN85: =SUM(AM85/C18*100) -> 20.689655 | AO85: =COUNTIF(N30:N69,"B") -> 3 | AP85: =SUM(AO85/C18*100) -> 10.344828 | AQ85: =COUNTIF(N30:N69,"C") -> 17 | AR85: =SUM(AQ85/C18*100) -> 58.62069 | AS85: =COUNTIF(N30:N69,"D") -> 3 | AT85: =SUM(AS85/C18*100) -> 10.344828
E86: 12 | F86: =O70 -> 0 | G86: =SUM(F86/C$18*100) -> 0 | H86: Eixo do conhecimento: Arte. Eixo cognitivo: Analisar – Analisar expressões do teatro e da dança na vida cotidiana | AL86: 12 | AM86: =COUNTIF(O30:O69,"A") -> 12 | AN86: =SUM(AM86/C18*100) -> 41.37931 | AO86: =COUNTIF(O30:O69,"B") -> 14 | AP86: =SUM(AO86/C18*100) -> 48.275862 | AQ86: =COUNTIF(O30:O69,"C") -> 0 | AR86: =SUM(AQ86/C18*100) -> 0 | AS86: =COUNTIF(O30:O69,"D") -> 2 | AT86: =SUM(AS86/C18*100) -> 6.8965517
E87: 13 | F87: =P70 -> 0 | G87: =SUM(F87/C$18*100) -> 0 | H87: Eixo do conhecimento: Leitura. Eixo cognitivo: Reconhecer – Identificar as marcas de organização de um texto dramático. | AL87: 13 | AM87: =COUNTIF(P30:P69,"A") -> 25 | AN87: =SUM(AM87/C18*100) -> 86.206897 | AO87: =COUNTIF(P30:P69,"B") -> 0 | AP87: =SUM(AO87/C18*100) -> 0 | AQ87: =COUNTIF(P30:P69,"C") -> 3 | AR87: =SUM(AQ87/C18*100) -> 10.344828 | AS87: =COUNTIF(P30:P69,"D") -> 0 | AT87: =SUM(AS87/C18*100) -> 0
E88: 14 | F88: =Q70 -> 3 | G88: =SUM(F88/C$18*100) -> 10.344828 | H88: Eixo do conhecimento: Leitura. Eixo cognitivo: Reconhecer – Identificar as marcas de organização de um texto dramático | AL88: 14 | AM88: =COUNTIF(Q30:Q69,"A") -> 0 | AN88: =SUM(AM88/C18*100) -> 0 | AO88: =COUNTIF(Q30:Q69,"B") -> 24 | AP88: =SUM(AO88/C18*100) -> 82.758621 | AQ88: =COUNTIF(Q30:Q69,"C") -> 3 | AR88: =SUM(AQ88/C18*100) -> 10.344828 | AS88: =COUNTIF(Q30:Q69,"D") -> 1 | AT88: =SUM(AS88/C18*100) -> 3.4482759
E89: 15 | F89: =R70 -> 0 | G89: =SUM(F89/C$18*100) -> 0 | H89: Eixo do conhecimento: Leitura. Eixo cognitivo: Reconhecer – Identificar elementos constitutivos de textos narrativos. | AL89: 15 | AM89: =COUNTIF(R30:R69,"A") -> 0 | AN89: =SUM(AM89/C18*100) -> 0 | AO89: =COUNTIF(R30:R69,"B") -> 0 | AP89: =SUM(AO89/C18*100) -> 0 | AQ89: =COUNTIF(R30:R69,"C") -> 1 | AR89: =SUM(AQ89/C18*100) -> 3.4482759 | AS89: =COUNTIF(R30:R69,"D") -> 27 | AT89: =SUM(AS89/C18*100) -> 93.103448
E90: 16 | F90: =S70 -> 2 | G90: =SUM(F90/C$18*100) -> 6.8965517 | H90: Eixo do conhecimento: Leitura. Eixo cognitivo: Reconhecer – Identificar elementos constitutivos de textos narrativos. | AL90: 16 | AM90: =COUNTIF(S30:S69,"A") -> 25 | AN90: =SUM(AM90/C18*100) -> 86.206897 | AO90: =COUNTIF(S30:S69,"B") -> 1 | AP90: =SUM(AO90/C18*100) -> 3.4482759 | AQ90: =COUNTIF(S30:S69,"C") -> 0 | AR90: =SUM(AQ90/C18*100) -> 0 | AS90: =COUNTIF(S30:S69,"D") -> 2 | AT90: =SUM(AS90/C18*100) -> 6.8965517
E91: 17 | F91: =T70 -> 3 | G91: =SUM(F91/C$18*100) -> 10.344828 | H91: Eixo do conhecimento: Leitura. Eixo cognitivo: Reconhecer – Identificar elementos constitutivos de textos narrativos | AL91: 17 | AM91: =COUNTIF(T30:T69,"A") -> 25 | AN91: =SUM(AM91/C18*100) -> 86.206897 | AO91: =COUNTIF(T30:T69,"B") -> 0 | AP91: =SUM(AO91/C18*100) -> 0 | AQ91: =COUNTIF(T30:T69,"C") -> 3 | AR91: =SUM(AQ91/C18*100) -> 10.344828 | AS91: =COUNTIF(T30:T69,"D") -> 0 | AT91: =SUM(AS91/C18*100) -> 0
E92: 18 | F92: =U70 -> 1 | G92: =SUM(F92/C$18*100) -> 3.4482759 | H92: Eixo do conhecimento: Leitura. Eixo cognitivo: Reconhecer – Analisar os efeitos de sentido decorrentes do uso dos advérbios. | AL92: 18 | AM92: =COUNTIF(U30:U69,"A") -> 25 | AN92: =SUM(AM92/C18*100) -> 86.206897 | AO92: =COUNTIF(U30:U69,"B") -> 2 | AP92: =SUM(AO92/C18*100) -> 6.8965517 | AQ92: =COUNTIF(U30:U69,"C") -> 1 | AR92: =SUM(AQ92/C18*100) -> 3.4482759 | AS92: =COUNTIF(U30:U69,"D") -> 0 | AT92: =SUM(AS92/C18*100) -> 0
E93: 19 | F93: =V70 -> 0 | G93: =SUM(F93/C$18*100) -> 0 | H93: Eixo do conhecimento: Leitura. Eixo cognitivo: Reconhecer – Identificar elementos constitutivos de textos narrativos | AL93: 19 | AM93: =COUNTIF(V30:V69,"A") -> 0 | AN93: =SUM(AM93/C18*100) -> 0 | AO93: =COUNTIF(V30:V69,"B") -> 5 | AP93: =SUM(AO93/C18*100) -> 17.241379 | AQ93: =COUNTIF(V30:V69,"C") -> 21 | AR93: =SUM(AQ93/C18*100) -> 72.413793 | AS93: =COUNTIF(V30:V69,"D") -> 2 | AT93: =SUM(AS93/C18*100) -> 6.8965517
E94: 20 | F94: =W70 -> 1 | G94: =SUM(F94/C$18*100) -> 3.4482759 | H94: Eixo do conhecimento: Leitura. Eixo cognitivo: Reconhecer – Analisar o uso de recursos de persuasão em textos verbais e/ou multimodais. | AL94: 20 | AM94: =COUNTIF(W30:W69,"A") -> 1 | AN94: =SUM(AM94/C18*100) -> 3.4482759 | AO94: =COUNTIF(W30:W69,"B") -> 2 | AP94: =SUM(AO94/C18*100) -> 6.8965517 | AQ94: =COUNTIF(W30:W69,"C") -> 5 | AR94: =SUM(AQ94/C18*100) -> 17.241379 | AS94: =COUNTIF(W30:W69,"D") -> 20 | AT94: =SUM(AS94/C18*100) -> 68.965517
E95: 21 | F95: =X70 -> 21 | G95: =SUM(F95/C$18*100) -> 72.413793 | H95: Eixo do conhecimento: Leitura. Eixo cognitivo: Reconhecer – Analisar o uso de recursos de persuasão em textos verbais e/ou multimodais. | AL95: 21 | AM95: =COUNTIF(X30:X69,"A") -> 0 | AN95: =SUM(AM95/C18*100) -> 0 | AO95: =COUNTIF(X30:X69,"B") -> 21 | AP95: =SUM(AO95/C18*100) -> 72.413793 | AQ95: =COUNTIF(X30:X69,"C") -> 6 | AR95: =SUM(AQ95/C18*100) -> 20.689655 | AS95: =COUNTIF(X30:X69,"D") -> 0 | AT95: =SUM(AS95/C18*100) -> 0
D96: MATEMÁTICA | E96: 1 | F96: =Y70 -> 1 | G96: =SUM(F96/C$18*100) -> 3.4482759 | H96: 5N1.1 – Escrever números racionais (naturais de até 6 ordens, representação fracionária ou decimal finita até a ordem dos milésimos) em sua representação por algarismos ou em língua materna ou Associar o registro numérico ao registro em língua materna. | AK96: MATEMÁTICA | AL96: 1 | AM96: =COUNTIF(Y30:Y69,"A") -> 28 | AN96: =SUM(AM96/C18*100) -> 96.551724 | AO96: =COUNTIF(Y30:Y69,"B") -> 0 | AP96: =SUM(AO96/C18*100) -> 0 | AQ96: =COUNTIF(Y30:Y69,"C") -> 1 | AR96: =SUM(AQ96/C18*100) -> 3.4482759 | AS96: =COUNTIF(Y30:Y69,"D") -> 0 | AT96: =SUM(AS96/C18*100) -> 0
E97: 2 | F97: =Z70 -> 1 | G97: =SUM(F97/C$18*100) -> 3.4482759 | H97: 5NG1 - Interpretar ou descrever a localização ou movimentação de objetos ou figuras geometricas no plano cartesiano (1º quadrante), indicando mudanças de direção, sentindo ou giros. | AL97: 2 | AM97: =COUNTIF(Z30:Z69,"A") -> 1 | AN97: =SUM(AM97/C18*100) -> 3.4482759 | AO97: =COUNTIF(Z30:Z69,"B") -> 1 | AP97: =SUM(AO97/C18*100) -> 3.4482759 | AQ97: =COUNTIF(Z30:Z69,"C") -> 2 | AR97: =SUM(AQ97/C18*100) -> 6.8965517 | AS97: =COUNTIF(Z30:Z69,"D") -> 24 | AT97: =SUM(AS97/C18*100) -> 82.758621
E98: 3 | F98: =AA70 -> 27 | G98: =SUM(F98/C$18*100) -> 93.103448 | H98: 5N1.3 – Comparar ou ordenar números racionais (naturais de até 6 ordens, representação fracionária ou decimal finita até a ordem dos milésimos), com ou sem suporte da reta numérica. | AL98: 3 | AM98: =COUNTIF(AA30:AA69,"A") -> 0 | AN98: =SUM(AM98/C18*100) -> 0 | AO98: =COUNTIF(AA30:AA69,"B") -> 27 | AP98: =SUM(AO98/C18*100) -> 93.103448 | AQ98: =COUNTIF(AA30:AA69,"C") -> 1 | AR98: =SUM(AQ98/C18*100) -> 3.4482759 | AS98: =COUNTIF(AA30:AA69,"D") -> 1 | AT98: =SUM(AS98/C18*100) -> 3.4482759
E99: 4 | F99: =AB70 -> 25 | G99: =SUM(F99/C$18*100) -> 86.206897 | H99: 5G1.8 – Reconhecer figuras geométricas planas congruentes ou simetria de reflexão em figuras ou em pares de figuras geométricas planas | AL99: 4 | AM99: =COUNTIF(AB30:AB69,"A") -> 1 | AN99: =SUM(AM99/C18*100) -> 3.4482759 | AO99: =COUNTIF(AB30:AB69,"B") -> 3 | AP99: =SUM(AO99/C18*100) -> 10.344828 | AQ99: =COUNTIF(AB30:AB69,"C") -> 0 | AR99: =SUM(AQ99/C18*100) -> 0 | AS99: =COUNTIF(AB30:AB69,"D") -> 25 | AT99: =SUM(AS99/C18*100) -> 86.206897
E100: 5 | F100: =AC70 -> 4 | G100: =SUM(F100/C$18*100) -> 13.793103 | H100: 5N1.1 – Escrever números racionais (naturais de até 6 ordens, representação fracionária ou decimal finita até a ordem dos milésimos) em sua representação por algarismos ou em língua materna ou Associar o registro numérico ao registro em língua materna. | AL100: 5 | AM100: =COUNTIF(AC30:AC69,"A") -> 4 | AN100: =SUM(AM100/C18*100) -> 13.793103 | AO100: =COUNTIF(AC30:AC69,"B") -> 2 | AP100: =SUM(AO100/C18*100) -> 6.8965517 | AQ100: =COUNTIF(AC30:AC69,"C") -> 22 | AR100: =SUM(AQ100/C18*100) -> 75.862069 | AS100: =COUNTIF(AC30:AC69,"D") -> 1 | AT100: =SUM(AS100/C18*100) -> 3.4482759
E101: 6 | F101: =AD70 -> 6 | G101: =SUM(F101/C$18*100) -> 20.689655 | H101: 5N2.3 – Resolver problemas de adição ou de subtração, envolvendo números racionais apenas na sua representação decimal finita até a ordem dos milésimos, com os significados de juntar, acrescentar, separar, retirar, comparar ou completar. | AL101: 6 | AM101: =COUNTIF(AD30:AD69,"A") -> 4 | AN101: =SUM(AM101/C18*100) -> 13.793103 | AO101: =COUNTIF(AD30:AD69,"B") -> 6 | AP101: =SUM(AO101/C18*100) -> 20.689655 | AQ101: =COUNTIF(AD30:AD69,"C") -> 13 | AR101: =SUM(AQ101/C18*100) -> 44.827586 | AS101: =COUNTIF(AD30:AD69,"D") -> 6 | AT101: =SUM(AS101/C18*100) -> 20.689655
E102: 7 | F102: =AE70 -> 21 | G102: =SUM(F102/C$18*100) -> 72.413793 | H102: 5G1.8 – Reconhecer figuras geométricas planas congruentes ou simetria de reflexão em figuras ou em pares de figuras geométricas planas. | AL102: 7 | AM102: =COUNTIF(AE30:AE69,"A") -> 1 | AN102: =SUM(AM102/C18*100) -> 3.4482759 | AO102: =COUNTIF(AE30:AE69,"B") -> 21 | AP102: =SUM(AO102/C18*100) -> 72.413793 | AQ102: =COUNTIF(AE30:AE69,"C") -> 6 | AR102: =SUM(AQ102/C18*100) -> 20.689655 | AS102: =COUNTIF(AE30:AE69,"D") -> 0 | AT102: =SUM(AS102/C18*100) -> 0
E103: 8 | F103: =AF70 -> 1 | G103: =SUM(F103/C$18*100) -> 3.4482759 | H103: 5G1.9 – Reconhecer a congruência dos ângulos e a proporcionalidade entre os lados correspondentes de figuras poligonais em situações de ampliação ou de redução em malhas quadriculadas | AL103: 8 | AM103: =COUNTIF(AF30:AF69,"A") -> 25 | AN103: =SUM(AM103/C18*100) -> 86.206897 | AO103: =COUNTIF(AF30:AF69,"B") -> 2 | AP103: =SUM(AO103/C18*100) -> 6.8965517 | AQ103: =COUNTIF(AF30:AF69,"C") -> 1 | AR103: =SUM(AQ103/C18*100) -> 3.4482759 | AS103: =COUNTIF(AF30:AF69,"D") -> 1 | AT103: =SUM(AS103/C18*100) -> 3.4482759
E104: 9 | F104: =AG70 -> 3 | G104: =SUM(F104/C$18*100) -> 10.344828 | H104: 5M2.6 – Resolver problemas que envolvam moedas e/ou cédulas do sistema monetário brasileiro. | AL104: 9 | AM104: =COUNTIF(AG30:AG69,"A") -> 3 | AN104: =SUM(AM104/C18*100) -> 10.344828 | AO104: =COUNTIF(AG30:AG69,"B") -> 1 | AP104: =SUM(AO104/C18*100) -> 3.4482759 | AQ104: =COUNTIF(AG30:AG69,"C") -> 1 | AR104: =SUM(AQ104/C18*100) -> 3.4482759 | AS104: =COUNTIF(AG30:AG69,"D") -> 24 | AT104: =SUM(AS104/C18*100) -> 82.758621
E105: 10 | F105: =AH70 -> 7 | G105: =SUM(F105/C$18*100) -> 24.137931 | H105: 5N2.3 – Resolver problemas de adição ou de subtração, envolvendo números racionais apenas na sua representação decimal finita até a ordem dos milésimos, com os significados de juntar, acrescentar, separar, retirar, comparar ou completar. | AL105: 10 | AM105: =COUNTIF(AH30:AH69,"A") -> 14 | AN105: =SUM(AM105/C18*100) -> 48.275862 | AO105: =COUNTIF(AH30:AH69,"B") -> 4 | AP105: =SUM(AO105/C18*100) -> 13.793103 | AQ105: =COUNTIF(AH30:AH69,"C") -> 7 | AR105: =SUM(AQ105/C18*100) -> 24.137931 | AS105: =COUNTIF(AH30:AH69,"D") -> 4 | AT105: =SUM(AS105/C18*100) -> 13.793103
E106: 11 | F106: =AI70 -> 0 | G106: =SUM(F106/C$18*100) -> 0 | H106: 5A1.5 – Determinar o número desconhecido que torna verdadeira uma igualdade que envolve as operações fundamentais com números naturais de até 6 ordens. | AL106: 11 | AM106: =COUNTIF(AI30:AI69,"A") -> 3 | AN106: =SUM(AM106/C18*100) -> 10.344828 | AO106: =COUNTIF(AI30:AI69,"B") -> 0 | AP106: =SUM(AO106/C18*100) -> 0 | AQ106: =COUNTIF(AI30:AI69,"C") -> 26 | AR106: =SUM(AQ106/C18*100) -> 89.655172 | AS106: =COUNTIF(AI30:AI69,"D") -> 0 | AT106: =SUM(AS106/C18*100) -> 0
E107: 12 | F107: =AJ70 -> 1 | G107: =SUM(F107/C$18*100) -> 3.4482759 | H107: 5G2.1 – Descrever ou esboçar o deslocamento de pessoas e/ou de objetos em representações bidimensionais (mapas, croquis etc.) ou plantas de ambientes, de acordo com condições dadas. | AL107: 12 | AM107: =COUNTIF(AJ30:AJ69,"A") -> 2 | AN107: =SUM(AM107/C18*100) -> 6.8965517 | AO107: =COUNTIF(AJ30:AJ69,"B") -> 22 | AP107: =SUM(AO107/C18*100) -> 75.862069 | AQ107: =COUNTIF(AJ30:AJ69,"C") -> 1 | AR107: =SUM(AQ107/C18*100) -> 3.4482759 | AS107: =COUNTIF(AJ30:AJ69,"D") -> 4 | AT107: =SUM(AS107/C18*100) -> 13.793103
E108: 13 | F108: =AK70 -> 1 | G108: =SUM(F108/C$18*100) -> 3.4482759 | H108: 5E1.5 – Representar ou associar os dados de uma pesquisa estatística ou de um levantamento em listas, tabelas (simples ou de dupla entrada) ou gráficos (barras simples ou agrupadas, colunas simples ou agrupadas, pictóricos ou de linhas). | AL108: 13 | AM108: =COUNTIF(AK30:AK69,"A") -> 1 | AN108: =SUM(AM108/C18*100) -> 3.4482759 | AO108: =COUNTIF(AK30:AK69,"B") -> 5 | AP108: =SUM(AO108/C18*100) -> 17.241379 | AQ108: =COUNTIF(AK30:AK69,"C") -> 6 | AR108: =SUM(AQ108/C18*100) -> 20.689655 | AS108: =COUNTIF(AK30:AK69,"D") -> 17 | AT108: =SUM(AS108/C18*100) -> 58.62069
E109: 14 | F109: =AL70 -> 1 | G109: =SUM(F109/C$18*100) -> 3.4482759 | H109: 5A1.5 – Determinar o número desconhecido que torna verdadeira uma igualdade que envolve as operações fundamentais com números naturais de até 6 ordens. | AL109: 14 | AM109: =COUNTIF(AL30:AL69,"A") -> 2 | AN109: =SUM(AM109/C18*100) -> 6.8965517 | AO109: =COUNTIF(AL30:AL69,"B") -> 25 | AP109: =SUM(AO109/C18*100) -> 86.206897 | AQ109: =COUNTIF(AL30:AL69,"C") -> 1 | AR109: =SUM(AQ109/C18*100) -> 3.4482759 | AS109: =COUNTIF(AL30:AL69,"D") -> 1 | AT109: =SUM(AS109/C18*100) -> 3.4482759
E110: 15 | F110: =AM70 -> 2 | G110: =SUM(F110/C$18*100) -> 6.8965517 | H110: 5N2.4 – Resolver problemas de multiplicação ou de divisão, envolvendo números racionais apenas na sua representação decimal finita até a ordem dos milésimos, com os significados de formação de grupos iguais (incluindo repartição equitativa de medida),proporcionalidade ou disposição retangular. | AL110: 15 | AM110: =COUNTIF(AM30:AM69,"A") -> 8 | AN110: =SUM(AM110/C18*100) -> 27.586207 | AO110: =COUNTIF(AM30:AM69,"B") -> 0 | AP110: =SUM(AO110/C18*100) -> 0 | AQ110: =COUNTIF(AM30:AM69,"C") -> 19 | AR110: =SUM(AQ110/C18*100) -> 65.517241 | AS110: =COUNTIF(AM30:AM69,"D") -> 2 | AT110: =SUM(AS110/C18*100) -> 6.8965517
E111: 16 | F111: =AN70 -> 2 | G111: =SUM(F111/C$18*100) -> 6.8965517 | H111: 5M2.2 – Resolver problemas que envolvam medidas de grandezas (comprimento, massa, tempo e capacidade) em que haja conversões entre as unidades mais usuais. | AL111: 16 | AM111: =COUNTIF(AN30:AN69,"A") -> 22 | AN111: =SUM(AM111/C18*100) -> 75.862069 | AO111: =COUNTIF(AN30:AN69,"B") -> 1 | AP111: =SUM(AO111/C18*100) -> 3.4482759 | AQ111: =COUNTIF(AN30:AN69,"C") -> 2 | AR111: =SUM(AQ111/C18*100) -> 6.8965517 | AS111: =COUNTIF(AN30:AN69,"D") -> 4 | AT111: =SUM(AS111/C18*100) -> 13.793103
E112: 17 | F112: =AO70 -> 3 | G112: =SUM(F112/C$18*100) -> 10.344828 | H112: 5G2.2 – Construir/Desenhar figuras geométricas planas ou espaciais que satisfaçam condições dadas. | AL112: 17 | AM112: =COUNTIF(AO30:AO69,"A") -> 1 | AN112: =SUM(AM112/C18*100) -> 3.4482759 | AO112: =COUNTIF(AO30:AO69,"B") -> 24 | AP112: =SUM(AO112/C18*100) -> 82.758621 | AQ112: =COUNTIF(AO30:AO69,"C") -> 3 | AR112: =SUM(AQ112/C18*100) -> 10.344828 | AS112: =COUNTIF(AO30:AO69,"D") -> 1 | AT112: =SUM(AS112/C18*100) -> 3.4482759
E113: 18 | F113: =AP70 -> 2 | G113: =SUM(F113/C$18*100) -> 6.8965517 | H113: 5M2.2 – Resolver problemas que envolvam medidas de grandezas (comprimento, massa, tempo e capacidade) em que haja conversões entre as unidades mais usuais. | AL113: 18 | AM113: =COUNTIF(AP30:AP69,"A") -> 2 | AN113: =SUM(AM113/C18*100) -> 6.8965517 | AO113: =COUNTIF(AP30:AP69,"B") -> 3 | AP113: =SUM(AO113/C18*100) -> 10.344828 | AQ113: =COUNTIF(AP30:AP69,"C") -> 9 | AR113: =SUM(AQ113/C18*100) -> 31.034483 | AS113: =COUNTIF(AP30:AP69,"D") -> 15 | AT113: =SUM(AS113/C18*100) -> 51.724138
E114: 19 | F114: =AQ70 -> 2 | G114: =SUM(F114/C$18*100) -> 6.8965517 | H114: 5N2.4 – Resolver problemas de multiplicação ou de divisão, envolvendo números racionais apenas na sua representação decimal finita até a ordem dos milésimos, com os significados de formação de grupos iguais (incluindo repartição equitativa de medida), proporcionalidade ou disposição retangular. | AL114: 19 | AM114: =COUNTIF(AQ30:AQ69,"A") -> 24 | AN114: =SUM(AM114/C18*100) -> 82.758621 | AO114: =COUNTIF(AQ30:AQ69,"B") -> 1 | AP114: =SUM(AO114/C18*100) -> 3.4482759 | AQ114: =COUNTIF(AQ30:AQ69,"C") -> 2 | AR114: =SUM(AQ114/C18*100) -> 6.8965517 | AS114: =COUNTIF(AQ30:AQ69,"D") -> 2 | AT114: =SUM(AS114/C18*100) -> 6.8965517
E115: 20 | F115: =AR70 -> 3 | G115: =SUM(F115/C$18*100) -> 10.344828 | H115: 5M2.2 – Resolver problemas que envolvam medidas de grandezas (comprimento, massa, tempo e capacidade) em que haja conversões entre as unidades mais usuais. | AL115: 20 | AM115: =COUNTIF(AR30:AR69,"A") -> 0 | AN115: =SUM(AM115/C18*100) -> 0 | AO115: =COUNTIF(AR30:AR69,"B") -> 3 | AP115: =SUM(AO115/C18*100) -> 10.344828 | AQ115: =COUNTIF(AR30:AR69,"C") -> 25 | AR115: =SUM(AQ115/C18*100) -> 86.206897 | AS115: =COUNTIF(AR30:AR69,"D") -> 1 | AT115: =SUM(AS115/C18*100) -> 3.4482759
E116: 21 | F116: =AS70 -> 3 | G116: =SUM(F116/C$18*100) -> 10.344828 | H116: 5M2.6 – Resolver problemas que envolvam moedas e/ou cédulas do sistema monetário brasileiro. | AL116: 21 | AM116: =COUNTIF(AS30:AS69,"A") -> 1 | AN116: =SUM(AM116/C18*100) -> 3.4482759 | AO116: =COUNTIF(AS30:AS69,"B") -> 4 | AP116: =SUM(AO116/C18*100) -> 13.793103 | AQ116: =COUNTIF(AS30:AS69,"C") -> 21 | AR116: =SUM(AQ116/C18*100) -> 72.413793 | AS116: =COUNTIF(AS30:AS69,"D") -> 3 | AT116: =SUM(AS116/C18*100) -> 10.344828
...

Sheet 5º Ano - 503
D6: COLEÇÃO PREPARA BRASIL
D9: ANÁLISE DE DESEMPENHO - SIMULADO 4
D12: Unidade de Ensino: 1. EMEB BENTO ELOI GARCIA
A16: 5º ANO - 503
A18: NÚMERO DE ALUNOS MATRICULADOS: | C18: =COUNTA(B30:B69) -> 29
A19: NÚMERO DE PRESENTES | C19: =SUMPRODUCT(LEN(D30:D69) - LEN(SUBSTITUTE(SUBSTITUTE(SUBSTITUTE(SUBSTITUTE(SUBSTITUTE(D30:D69,"A",""),"B",""),"C",""),"D",""),"X",""))) -> 27
A20: NÚMERO DE ALUNOS AUSENTES | C20: =COUNTIF(D30:D69,"F") -> 2
A21: NÚMERO DE ACD | C21: =COUNTIF(C30:C69,"SIM") -> 2
A23: GUIA DE CORREÇÃO - PRODUÇÃO TEXTUAL
D25: DESEMPENHO POR ITEM | BD25: NÍVEL DE PROFICIÊNCIA
A26: Nº | B26: Nome | C26: ALUNO COM DEFICIÊNCIA | D26: LINGUAGENS | Y26: MATEMÁTICA | AV26: PRODUÇÃO TEXTUAL | BD26: LINGUAGENS | BG26: MATEMÁTICA
D27: Questão 01 | E27: Questão 02 | F27: Questão 03 | G27: Questão 04 | H27: Questão 05 | I27: Questão 06 | J27: Questão 07 | K27: Questão 08 | L27: Questão 09 | M27: Questão 10 | N27: Questão 11 | O27: Questão 12 | P27: Questão 13 | Q27: Questão 14 | R27: Questão 15 | S27: Questão 16 | T27: Questão 17 | U27: Questão 18 | V27: Questão 19 | W27: Questão 20 | X27: Questão 21 | Y27: Questão 01 | Z27: Questão 02 | AA27: Questão 03 | AB27: Questão 04 | AC27: Questão 05 | AD27: Questão 06 | AE27: Questão 07 | AF27: Questão 08 | AG27: Questão 09 | AH27: Questão 10 | AI27: Questão 11 | AJ27: Questão 12 | AK27: Questão 13 | AL27: Questão 14 | AM27: Questão 15 | AN27: Questão 16 | AO27: Questão 17 | AP27: Questão 18 | AQ27: Questão 19 | AR27: Questão 20 | AS27: Questão 21 | AT27: Questão 22 | AV27: Situação | AW27: Adequação ao Gênero e ao Tema | AX27: Coerência e Coesão | AY27: Estrutura e Organização | AZ27: Ortografia e Pontuação | BA27: PONTUAÇÃO FINAL | BB27: PADRÃO DE DESEMPENHO | BD27: TCT | BE27: TRI | BF27: ESCALA DE PROFICIÊNCIA | BG27: TCT | BH27: TRI | BI27: ESCALA DE PROFICIÊNCIA
D28: 18 | E28: 9 | F28: 0 | G28: 36 | H28: 36 | I28: 36 | J28: 18 | K28: 18 | L28: 36 | M28: 36 | N28: 36 | O28: 36 | P28: 36 | Q28: 9 | R28: 18 | S28: 36 | T28: 36 | U28: 9 | V28: 0 | W28: 36 | X28: 0 | Y28: 25 | Z28: 25 | AA28: 25 | AB28: 25 | AC28: 16 | AD28: 25 | AE28: 8 | AF28: 25 | AG28: 25 | AH28: 16 | AI28: 25 | AJ28: 25 | AK28: 25 | AL28: 25 | AM28: 25 | AN28: 25 | AO28: 16 | AP28: 25 | AQ28: 25 | AR28: 25 | AS28: 25 | AT28: 25
D29: C | E29: C | F29: C | G29: B | H29: B | I29: D | J29: B | K29: B | L29: A | M29: B | N29: C | O29: C | P29: A | Q29: B | R29: D | S29: A | T29: A | U29: A | V29: C | W29: D | X29: B | Y29: A | Z29: D | AA29: C | AB29: D | AC29: C | AD29: C | AE29: B | AF29: A | AG29: D | AH29: A | AI29: C | AJ29: B | AK29: D | AL29: B | AM29: C | AN29: A | AO29: B | AP29: D | AQ29: A | AR29: C | AS29: C | AT29: B
A30: 1 | B30: ALYCIA OLIVEIRA KUROVSK | C30: NÃO | D30: C | E30: C | F30: C | G30: B | H30: B | I30: A | J30: B | K30: B | L30: A | M30: C | N30: C | O30: C | P30: A | Q30: A | R30: B | S30: A | T30: A | U30: A | V30: C | W30: D | X30: B | Y30: A | Z30: D | AA30: B | AB30: D | AC30: C | AD30: C | AE30: C | AF30: A | AG30: D | AH30: A | AI30: C | AJ30: B | AK30: D | AL30: B | AM30: C | AN30: A | AO30: X | AP30: C | AQ30: D | AR30: C | AS30: C | AT30: B | AV30: A | AW30: 3 | AX30: 3 | AY30: 3 | AZ30: 3 | BA30: =(100/16)*((SUM(AW30:AZ30))) -> 75 | BB30: =IF((SUM(BA30))<=25, "Abaixo do Básico", IF((SUM(BA30))<=50, "Básico", IF((SUM(BA30))<=75, "Adequado", "Avançado"))) -> Adequado | BD30: =SUMPRODUCT(--(D30:X30=D$29:X$29)) -> 17 | BE30: =SUMPRODUCT((D30:X30=D$29:X$29)*D$28:X$28) -> 396 | BF30: =IF((SUM(BE30))<=125, "Abaixo do Básico", IF((SUM(BE30))<=250, "Básico", IF((SUM(BE30))<=375, "Adequado", "Avançado"))) -> Avançado | BG30: =SUMPRODUCT(--(Y30:AT30=Y$29:AT$29)) -> 17 | BH30: =SUMPRODUCT((Y30:AT30=Y$29:AT$29)*Y$28:AT$28) -> 407 | BI30: =IF((SUM(BH30))<=125, "Abaixo do Básico", IF((SUM(BH30))<=250, "Básico", IF((SUM(BH30))<=375, "Adequado", "Avançado"))) -> Avançado
A31: 2 | B31: ANA CLARA T.C. DOS SANTOS | C31: NÃO | D31: C | E31: C | F31: C | G31: B | H31: B | I31: A | J31: B | K31: B | L31: A | M31: C | N31: C | O31: C | P31: A | Q31: B | R31: B | S31: A | T31: A | U31: A | V31: C | W31: D | X31: B | Y31: A | Z31: D | AA31: B | AB31: D | AC31: C | AD31: C | AE31: B | AF31: A | AG31: D | AH31: A | AI31: C | AJ31: B | AK31: D | AL31: B | AM31: C | AN31: A | AO31: B | AP31: C | AQ31: D | AR31: C | AS31: C | AT31: B | AV31: A | AW31: 3 | AX31: 3 | AY31: 3 | AZ31: 3 | BA31: =(100/16)*((SUM(AW31:AZ31))) -> 75 | BB31: =IF((SUM(BA31))<=25, "Abaixo do Básico", IF((SUM(BA31))<=50, "Básico", IF((SUM(BA31))<=75, "Adequado", "Avançado"))) -> Adequado | BD31: =SUMPRODUCT(--(D31:X31=D$29:X$29)) -> 18 | BE31: =SUMPRODUCT((D31:X31=D$29:X$29)*D$28:X$28) -> 405 | BF31: =IF((SUM(BE31))<=125, "Abaixo do Básico", IF((SUM(BE31))<=250, "Básico", IF((SUM(BE31))<=375, "Adequado", "Avançado"))) -> Avançado | BG31: =SUMPRODUCT(--(Y31:AT31=Y$29:AT$29)) -> 19 | BH31: =SUMPRODUCT((Y31:AT31=Y$29:AT$29)*Y$28:AT$28) -> 431 | BI31: =IF((SUM(BH31))<=125, "Abaixo do Básico", IF((SUM(BH31))<=250, "Básico", IF((SUM(BH31))<=375, "Adequado", "Avançado"))) -> Avançado
A32: 3 | B32: ANA LÍVIA BARBOSA VIEIRA | C32: NÃO | D32: C | E32: C | F32: C | G32: B | H32: B | I32: A | J32: B | K32: B | L32: A | M32: C | N32: C | O32: C | P32: A | Q32: B | R32: B | S32: A | T32: A | U32: A | V32: C | W32: D | X32: B | Y32: A | Z32: B | AA32: B | AB32: D | AC32: C | AD32: C | AE32: C | AF32: A | AG32: D | AH32: A | AI32: C | AJ32: B | AK32: D | AL32: B | AM32: C | AN32: A | AO32: B | AP32: C | AQ32: D | AR32: C | AS32: C | AT32: B | AV32: A | AW32: 4 | AX32: 4 | AY32: 3 | AZ32: 3 | BA32: =(100/16)*((SUM(AW32:AZ32))) -> 87.5 | BB32: =IF((SUM(BA32))<=25, "Abaixo do Básico", IF((SUM(BA32))<=50, "Básico", IF((SUM(BA32))<=75, "Adequado", "Avançado"))) -> Avançado | BD32: =SUMPRODUCT(--(D32:X32=D$29:X$29)) -> 18 | BE32: =SUMPRODUCT((D32:X32=D$29:X$29)*D$28:X$28) -> 405 | BF32: =IF((SUM(BE32))<=125, "Abaixo do Básico", IF((SUM(BE32))<=250, "Básico", IF((SUM(BE32))<=375, "Adequado", "Avançado"))) -> Avançado | BG32: =SUMPRODUCT(--(Y32:AT32=Y$29:AT$29)) -> 17 | BH32: =SUMPRODUCT((Y32:AT32=Y$29:AT$29)*Y$28:AT$28) -> 398 | BI32: =IF((SUM(BH32))<=125, "Abaixo do Básico", IF((SUM(BH32))<=250, "Básico", IF((SUM(BH32))<=375, "Adequado", "Avançado"))) -> Avançado
A33: 4 | B33: ANDRESSA RIBEIRO DE PAULA | C33: NÃO | D33: C | E33: C | F33: C | G33: B | H33: B | I33: A | J33: B | K33: B | L33: A | M33: C | N33: C | O33: C | P33: A | Q33: B | R33: A | S33: A | T33: A | U33: A | V33: B | W33: D | X33: B | Y33: X | Z33: X | AA33: X | AB33: X | AC33: X | AD33: X | AE33: X | AF33: X | AG33: X | AH33: X | AI33: X | AJ33: X | AK33: X | AL33: X | AM33: X | AN33: X | AO33: X | AP33: X | AQ33: X | AR33: X | AS33: X | AT33: X | AV33: A | AW33: 3 | AX33: 2 | AY33: 2 | AZ33: 2 | BA33: =(100/16)*((SUM(AW33:AZ33))) -> 56.25 | BB33: =IF((SUM(BA33))<=25, "Abaixo do Básico", IF((SUM(BA33))<=50, "Básico", IF((SUM(BA33))<=75, "Adequado", "Avançado"))) -> Adequado | BD33: =SUMPRODUCT(--(D33:X33=D$29:X$29)) -> 17 | BE33: =SUMPRODUCT((D33:X33=D$29:X$29)*D$28:X$28) -> 405 | BF33: =IF((SUM(BE33))<=125, "Abaixo do Básico", IF((SUM(BE33))<=250, "Básico", IF((SUM(BE33))<=375, "Adequado", "Avançado"))) -> Avançado | BG33: =SUMPRODUCT(--(Y33:AT33=Y$29:AT$29)) -> 0 | BH33: =SUMPRODUCT((Y33:AT33=Y$29:AT$29)*Y$28:AT$28) -> 0 | BI33: =IF((SUM(BH33))<=125, "Abaixo do Básico", IF((SUM(BH33))<=250, "Básico", IF((SUM(BH33))<=375, "Adequado", "Avançado"))) -> Abaixo do Básico
A34: 5 | B34: ANTONELLA IUZSGOVICH DE OLIVEIRA | C34: NÃO | D34: D | E34: B | F34: B | G34: A | H34: D | I34: D | J34: A | K34: B | L34: D | M34: A | N34: D | O34: D | P34: C | Q34: B | R34: C | S34: C | T34: B | U34: A | V34: D | W34: A | X34: D | Y34: A | Z34: D | AA34: B | AB34: D | AC34: C | AD34: C | AE34: B | AF34: A | AG34: D | AH34: A | AI34: C | AJ34: B | AK34: C | AL34: B | AM34: C | AN34: D | AO34: B | AP34: C | AQ34: D | AR34: A | AS34: B | AT34: B | AV34: A | AW34: 4 | AX34: 3 | AY34: 2 | AZ34: 2 | BA34: =(100/16)*((SUM(AW34:AZ34))) -> 68.75 | BB34: =IF((SUM(BA34))<=25, "Abaixo do Básico", IF((SUM(BA34))<=50, "Básico", IF((SUM(BA34))<=75, "Adequado", "Avançado"))) -> Adequado | BD34: =SUMPRODUCT(--(D34:X34=D$29:X$29)) -> 4 | BE34: =SUMPRODUCT((D34:X34=D$29:X$29)*D$28:X$28) -> 72 | BF34: =IF((SUM(BE34))<=125, "Abaixo do Básico", IF((SUM(BE34))<=250, "Básico", IF((SUM(BE34))<=375, "Adequado", "Avançado"))) -> Abaixo do Básico | BG34: =SUMPRODUCT(--(Y34:AT34=Y$29:AT$29)) -> 15 | BH34: =SUMPRODUCT((Y34:AT34=Y$29:AT$29)*Y$28:AT$28) -> 331 | BI34: =IF((SUM(BH34))<=125, "Abaixo do Básico", IF((SUM(BH34))<=250, "Básico", IF((SUM(BH34))<=375, "Adequado", "Avançado"))) -> Adequado
A35: 6 | B35: ARTHUR IAREMENCO | C35: NÃO | D35: C | E35: C | F35: C | G35: B | H35: B | I35: A | J35: B | K35: B | L35: A | M35: C | N35: C | O35: C | P35: B | Q35: B | R35: B | S35: A | T35: A | U35: B | V35: C | W35: B | X35: B | Y35: A | Z35: D | AA35: B | AB35: D | AC35: C | AD35: C | AE35: B | AF35: A | AG35: D | AH35: A | AI35: C | AJ35: B | AK35: D | AL35: B | AM35: C | AN35: D | AO35: B | AP35: C | AQ35: D | AR35: C | AS35: C | AT35: B | AV35: B | AW35: X | AX35: X | AY35: X | AZ35: X | BA35: =(100/16)*((SUM(AW35:AZ35))) -> 0 | BB35: =IF((SUM(BA35))<=25, "Abaixo do Básico", IF((SUM(BA35))<=50, "Básico", IF((SUM(BA35))<=75, "Adequado", "Avançado"))) -> Abaixo do Básico | BD35: =SUMPRODUCT(--(D35:X35=D$29:X$29)) -> 15 | BE35: =SUMPRODUCT((D35:X35=D$29:X$29)*D$28:X$28) -> 324 | BF35: =IF((SUM(BE35))<=125, "Abaixo do Básico", IF((SUM(BE35))<=250, "Básico", IF((SUM(BE35))<=375, "Adequado", "Avançado"))) -> Adequado | BG35: =SUMPRODUCT(--(Y35:AT35=Y$29:AT$29)) -> 18 | BH35: =SUMPRODUCT((Y35:AT35=Y$29:AT$29)*Y$28:AT$28) -> 406 | BI35: =IF((SUM(BH35))<=125, "Abaixo do Básico", IF((SUM(BH35))<=250, "Básico", IF((SUM(BH35))<=375, "Adequado", "Avançado"))) -> Avançado
A36: 7 | B36: BRAHIM GASPAR LEMAM | C36: NÃO | D36: C | E36: C | F36: C | G36: B | H36: B | I36: A | J36: B | K36: B | L36: A | M36: C | N36: C | O36: C | P36: A | Q36: A | R36: B | S36: A | T36: A | U36: A | V36: C | W36: D | X36: B | Y36: A | Z36: D | AA36: B | AB36: D | AC36: C | AD36: C | AE36: B | AF36: A | AG36: D | AH36: A | AI36: B | AJ36: B | AK36: C | AL36: B | AM36: C | AN36: D | AO36: B | AP36: C | AQ36: D | AR36: D | AS36: B | AT36: B | AV36: A | AW36: 2 | AX36: 2 | AY36: 2 | AZ36: 2 | BA36: =(100/16)*((SUM(AW36:AZ36))) -> 50 | BB36: =IF((SUM(BA36))<=25, "Abaixo do Básico", IF((SUM(BA36))<=50, "Básico", IF((SUM(BA36))<=75, "Adequado", "Avançado"))) -> Básico | BD36: =SUMPRODUCT(--(D36:X36=D$29:X$29)) -> 17 | BE36: =SUMPRODUCT((D36:X36=D$29:X$29)*D$28:X$28) -> 396 | BF36: =IF((SUM(BE36))<=125, "Abaixo do Básico", IF((SUM(BE36))<=250, "Básico", IF((SUM(BE36))<=375, "Adequado", "Avançado"))) -> Avançado | BG36: =SUMPRODUCT(--(Y36:AT36=Y$29:AT$29)) -> 14 | BH36: =SUMPRODUCT((Y36:AT36=Y$29:AT$29)*Y$28:AT$28) -> 306 | BI36: =IF((SUM(BH36))<=125, "Abaixo do Básico", IF((SUM(BH36))<=250, "Básico", IF((SUM(BH36))<=375, "Adequado", "Avançado"))) -> Adequado
A37: 8 | B37: BRENDA RAFAELLA DOS SANTOS DE LIMA | C37: NÃO | D37: B | E37: D | F37: C | G37: B | H37: B | I37: B | J37: B | K37: C | L37: A | M37: C | N37: C | O37: C | P37: A | Q37: B | R37: A | S37: A | T37: D | U37: A | V37: C | W37: D | X37: B | Y37: B | Z37: D | AA37: B | AB37: B | AC37: A | AD37: D | AE37: C | AF37: D | AG37: C | AH37: D | AI37: A | AJ37: B | AK37: B | AL37: B | AM37: A | AN37: C | AO37: A | AP37: D | AQ37: A | AR37: B | AS37: B | AT37: A | AV37: A | AW37: 3 | AX37: 2 | AY37: 2 | AZ37: 2 | BA37: =(100/16)*((SUM(AW37:AZ37))) -> 56.25 | BB37: =IF((SUM(BA37))<=25, "Abaixo do Básico", IF((SUM(BA37))<=50, "Básico", IF((SUM(BA37))<=75, "Adequado", "Avançado"))) -> Adequado | BD37: =SUMPRODUCT(--(D37:X37=D$29:X$29)) -> 14 | BE37: =SUMPRODUCT((D37:X37=D$29:X$29)*D$28:X$28) -> 324 | BF37: =IF((SUM(BE37))<=125, "Abaixo do Básico", IF((SUM(BE37))<=250, "Básico", IF((SUM(BE37))<=375, "Adequado", "Avançado"))) -> Adequado | BG37: =SUMPRODUCT(--(Y37:AT37=Y$29:AT$29)) -> 5 | BH37: =SUMPRODUCT((Y37:AT37=Y$29:AT$29)*Y$28:AT$28) -> 125 | BI37: =IF((SUM(BH37))<=125, "Abaixo do Básico", IF((SUM(BH37))<=250, "Básico", IF((SUM(BH37))<=375, "Adequado", "Avançado"))) -> Abaixo do Básico
